train_loss,preclip_norm_mean,preclip_norm_p50,preclip_norm_p90,preclip_norm_p99,clip_fraction,update_norm,step,epoch,accepted,rejected,powell_damping,modified_damping
2.3023340702056885,8.693936347961426,7.094820022583008,17.05304718017578,22.361774444580078,1.0,0.950073778629303,1,1,8,0,0,2
2.28816556930542,8.09084415435791,6.578534126281738,15.185932159423828,22.793081283569336,1.0,0.9502030611038208,2,1,8,0,0,2
2.273444890975952,7.578716278076172,6.365560531616211,13.228044509887695,20.316104888916016,1.0,0.9533570408821106,3,1,8,0,0,2
2.289065361022949,8.621772766113281,6.561931610107422,17.663055419921875,23.200910568237305,1.0,0.9506832957267761,4,1,8,0,0,2
2.274294376373291,9.551250457763672,7.462390422821045,20.70441246032715,26.87713050842285,1.0,0.9505047798156738,5,1,8,0,0,2
2.2650790214538574,10.56452465057373,8.338211059570312,21.869495391845703,29.391990661621094,1.0,0.9512524008750916,6,1,8,0,0,2
2.2438626289367676,10.728529930114746,8.880281448364258,18.95933723449707,32.94121170043945,1.0,0.9516931176185608,7,1,8,0,0,2
2.2214126586914062,11.1375093460083,8.459051132202148,21.98045539855957,33.584228515625,1.0,0.9512841701507568,8,1,8,0,0,2
2.208658218383789,11.567837715148926,8.658941268920898,21.427648544311523,34.26864242553711,1.0,0.9495906233787537,9,1,8,0,0,2
2.212120771408081,12.382850646972656,8.367795944213867,26.134193420410156,41.8801383972168,1.0,0.9528046250343323,10,1,8,0,0,2
2.2286787033081055,14.879979133605957,10.689833641052246,34.42151641845703,44.27735137939453,1.0,0.9507956504821777,11,1,8,0,0,2
2.15537691116333,13.575825691223145,9.247941970825195,24.65119743347168,45.18912887573242,1.0,0.9527995586395264,12,1,8,0,0,2
2.1539363861083984,15.650287628173828,9.192068099975586,40.29466247558594,53.33987045288086,1.0,0.9514293074607849,13,1,8,0,0,2
2.2167916297912598,19.354995727539062,13.001876831054688,40.96937561035156,58.436378479003906,1.0,0.9523149728775024,14,1,8,0,0,2
2.0849626064300537,17.575054168701172,12.78763198852539,33.980743408203125,56.724552154541016,1.0,0.9509652256965637,15,1,8,0,0,2
2.1719119548797607,21.23753547668457,15.45009994506836,47.72784423828125,62.069942474365234,1.0,0.9511168599128723,16,1,8,0,0,2
2.03706431388855,20.36594009399414,14.900665283203125,40.66621780395508,64.48344421386719,1.0,0.9501481056213379,17,1,8,0,0,2
1.9949849843978882,21.729015350341797,14.736093521118164,47.997833251953125,71.21150207519531,1.0,0.9538880586624146,18,1,8,0,0,2
1.9333522319793701,21.228557586669922,14.802451133728027,39.112037658691406,77.71778869628906,1.0,0.9517989754676819,19,1,8,0,0,2
2.029334306716919,27.091907501220703,17.323932647705078,59.571224212646484,90.03411102294922,1.0,0.9532715082168579,20,1,8,0,0,2
1.9319950342178345,28.733768463134766,19.81772804260254,61.02777862548828,88.8036880493164,1.0,0.9521543383598328,21,1,8,0,0,2
1.9129066467285156,29.20574378967285,21.536376953125,57.72456741333008,93.58487701416016,1.0,0.9509742259979248,22,1,8,0,0,2
1.8296473026275635,30.908061981201172,21.155071258544922,71.971923828125,98.01300048828125,1.0,0.9521327614784241,23,1,8,0,0,2
1.841096043586731,33.25458908081055,24.618446350097656,72.445068359375,104.93090057373047,1.0,0.9506351947784424,24,1,8,0,0,2
1.6974412202835083,31.824068069458008,21.337745666503906,70.40547180175781,105.05963897705078,1.0,0.9485200643539429,25,1,8,0,0,2
1.7451800107955933,35.075767517089844,24.85687255859375,80.45706176757812,115.19923400878906,1.0,0.9544984698295593,26,1,8,0,0,2
1.6266626119613647,35.05805587768555,24.450679779052734,83.26100158691406,120.66812133789062,1.0,0.9514549374580383,27,1,8,0,0,2
1.6396684646606445,37.88440704345703,25.68680191040039,99.16629028320312,136.71351623535156,1.0,0.9517210721969604,28,1,8,0,0,2
1.5617594718933105,38.01678466796875,27.650089263916016,86.75559997558594,134.14224243164062,1.0,0.9497518539428711,29,1,8,0,0,2
1.4680246114730835,38.74272537231445,26.600679397583008,100.83477020263672,134.02163696289062,1.0,0.9541090726852417,30,1,8,0,0,2
1.510587215423584,41.01496505737305,29.248794555664062,94.25155639648438,150.31134033203125,1.0,0.9536787867546082,31,1,8,0,0,2
1.4810203313827515,45.09447479248047,28.903064727783203,111.07168579101562,137.5902557373047,1.0,0.9494051933288574,32,1,8,0,0,2
1.4134471416473389,44.177433013916016,33.212913513183594,110.75753784179688,152.7078399658203,1.0,0.9514979720115662,33,1,8,0,0,2
1.390730381011963,44.45561218261719,28.241683959960938,117.27861022949219,178.43038940429688,1.0,0.9499889016151428,34,1,8,0,0,2
1.3715548515319824,47.24355697631836,30.30828857421875,127.65995788574219,172.2952880859375,1.0,0.9532622694969177,35,1,8,0,0,2
1.3157234191894531,47.59555435180664,29.963272094726562,123.91819763183594,198.5718231201172,0.98828125,0.9510025382041931,36,1,8,0,0,2
1.492175817489624,56.65873718261719,36.62486267089844,139.28985595703125,179.3868408203125,0.99609375,0.9536632299423218,37,1,8,0,0,2
1.344618320465088,50.88832473754883,35.734764099121094,128.53924560546875,166.5938720703125,0.98828125,0.9508619904518127,38,1,8,0,0,2
1.2312304973602295,48.407676696777344,33.644927978515625,125.37508392333984,193.04296875,0.99609375,0.9516754150390625,39,1,8,0,0,2
1.2357854843139648,52.2514762878418,34.21012496948242,141.29998779296875,195.29005432128906,0.984375,0.9499199986457825,40,1,8,0,0,2
1.3382116556167603,56.1260871887207,32.16306686401367,170.6588134765625,240.3397979736328,0.98046875,0.9494576454162598,41,1,8,0,0,2
1.171220302581787,52.293025970458984,34.704444885253906,142.40011596679688,219.443359375,0.92578125,0.9495522975921631,42,1,8,0,0,2
1.212278962135315,55.44713592529297,30.991233825683594,155.68556213378906,224.65968322753906,0.8984375,0.9534319639205933,43,1,8,0,0,2
1.158111333847046,52.043701171875,22.69019317626953,157.0781707763672,222.02667236328125,0.90234375,0.9494627118110657,44,1,8,0,0,2
1.219686508178711,58.89418029785156,30.67812728881836,165.43447875976562,242.8343048095703,0.85546875,0.9495686292648315,45,1,8,0,0,2
1.2157914638519287,59.81547546386719,29.908157348632812,189.32379150390625,252.5373992919922,0.859375,0.9494851231575012,46,1,8,0,0,2
1.097764492034912,56.60992431640625,38.28680419921875,156.71792602539062,245.29562377929688,0.90234375,0.9524837136268616,47,1,8,0,0,2
1.0791516304016113,58.751922607421875,27.898513793945312,176.04420471191406,260.1666259765625,0.828125,0.9505583643913269,48,1,8,0,0,2
1.1517066955566406,62.97176742553711,30.485477447509766,186.58558654785156,244.60009765625,0.81640625,0.9476494789123535,49,1,8,0,0,2
1.1387841701507568,63.03502655029297,32.141319274902344,194.4110870361328,281.1170349121094,0.83984375,0.9511064291000366,50,1,8,0,0,2
1.121711015701294,62.780311584472656,33.4539794921875,192.95008850097656,295.22381591796875,0.83984375,0.9496369361877441,51,1,8,0,0,2
1.0958349704742432,63.41838836669922,31.085216522216797,185.98739624023438,264.39764404296875,0.85546875,0.9495387077331543,52,1,8,0,0,2
1.039937973022461,66.13320922851562,36.46980285644531,197.98785400390625,301.1634826660156,0.78125,0.9501298069953918,53,1,8,0,0,2
1.0747406482696533,67.05908966064453,25.469833374023438,215.35198974609375,377.9635009765625,0.83203125,0.9497867226600647,54,1,8,0,0,2
0.8871737122535706,58.427799224853516,21.344524383544922,190.32669067382812,318.4105224609375,0.75,0.9523500204086304,55,1,8,0,0,2
0.9866233468055725,65.62689208984375,32.19889450073242,188.40618896484375,292.20892333984375,0.8046875,0.9524712562561035,56,1,8,0,0,2
0.9376773834228516,63.36283874511719,31.331554412841797,195.39254760742188,286.803466796875,0.8359375,0.9506893754005432,57,1,8,0,0,2
1.0718121528625488,67.72119903564453,38.144256591796875,194.0199432373047,323.5766296386719,0.796875,0.9507598280906677,58,1,8,0,0,2
0.9152147769927979,64.79383850097656,16.646841049194336,228.97369384765625,302.4357604980469,0.7578125,0.9487441182136536,59,1,8,0,0,2
0.929389476776123,64.1302261352539,21.841384887695312,218.28643798828125,326.26190185546875,0.76953125,0.9505523443222046,60,1,8,0,0,2
0.921775221824646,65.25700378417969,21.59983253479004,216.22402954101562,364.734375,0.734375,0.9506709575653076,61,1,8,0,0,2
1.0306127071380615,65.51713562011719,20.37572479248047,203.80886840820312,351.6497802734375,0.71484375,0.9503408670425415,62,1,8,0,0,2
0.932729184627533,68.00808715820312,30.17052459716797,224.95945739746094,355.5704345703125,0.7890625,0.9491732120513916,63,1,8,0,0,2
0.9416582584381104,69.51585388183594,21.8270263671875,227.88597106933594,415.0774230957031,0.734375,0.9485834240913391,64,1,8,0,0,2
0.936891496181488,71.88764953613281,18.523183822631836,258.28765869140625,404.5719909667969,0.75390625,0.9506596326828003,65,1,8,0,0,2
0.7894859313964844,62.50526809692383,20.570281982421875,194.972900390625,314.74920654296875,0.7421875,0.9518399834632874,66,1,8,0,0,2
0.7419905662536621,63.35444641113281,13.735881805419922,236.6253662109375,368.8098449707031,0.7265625,0.9536675214767456,67,1,8,0,0,2
0.8353965878486633,63.804718017578125,27.242258071899414,192.4796142578125,352.91510009765625,0.7734375,0.9506939053535461,68,1,8,0,0,2
1.1124542951583862,87.68749237060547,24.10980224609375,301.871337890625,467.9979553222656,0.76953125,0.9511075615882874,69,1,8,0,0,2
0.7811815738677979,63.15105438232422,17.12411117553711,204.86724853515625,342.0997009277344,0.73828125,0.9491161108016968,70,1,8,0,0,2
0.7019873857498169,58.84376525878906,7.089409828186035,235.55975341796875,374.35858154296875,0.67578125,0.9471773505210876,71,1,8,0,0,2
0.8177164196968079,70.78739929199219,13.654491424560547,252.11721801757812,453.1147766113281,0.70703125,0.9506517648696899,72,1,8,0,0,2
0.9520581364631653,79.35111999511719,17.43512725830078,268.4419250488281,471.3335876464844,0.75390625,0.9513757228851318,73,1,8,0,0,2
0.7428765892982483,61.3129768371582,16.395545959472656,183.73851013183594,394.8749084472656,0.734375,0.9488149881362915,74,1,8,0,0,2
0.7641364336013794,75.39195251464844,10.57822036743164,250.47109985351562,463.19464111328125,0.6953125,0.9502458572387695,75,1,8,0,0,2
0.886676013469696,81.35663604736328,17.267440795898438,262.80126953125,493.202392578125,0.71484375,0.9512196183204651,76,1,8,0,0,2
0.628853440284729,56.81935119628906,10.792550086975098,197.70916748046875,324.7769470214844,0.68359375,0.9529179334640503,77,1,8,0,0,2
0.7797181606292725,65.2005386352539,8.919116973876953,231.27951049804688,399.0310363769531,0.6875,0.9515886306762695,78,1,8,0,0,2
0.7800064086914062,65.98283386230469,10.309446334838867,220.34268188476562,426.2855529785156,0.66015625,0.948078989982605,79,1,8,0,0,2
0.7264032363891602,66.97463989257812,9.969284057617188,226.82870483398438,519.724609375,0.671875,0.9510742425918579,80,1,8,0,0,2
0.7170800566673279,63.59339904785156,5.377973556518555,219.5514678955078,470.6748962402344,0.62890625,0.9487707614898682,81,1,8,0,0,2
0.7855181097984314,70.81324768066406,11.651744842529297,263.0673828125,500.36138916015625,0.703125,0.949242115020752,82,1,8,0,0,2
0.6330116987228394,53.72802734375,8.715408325195312,182.44558715820312,400.5921325683594,0.65625,0.9519060850143433,83,1,8,0,0,2
0.7179902195930481,59.93709945678711,7.641558647155762,214.41943359375,371.6158142089844,0.67578125,0.9477734565734863,84,1,8,0,0,2
0.7254505157470703,65.26361846923828,10.345928192138672,229.0437469482422,461.63330078125,0.68359375,0.9505972862243652,85,1,8,0,0,2
0.8154300451278687,76.75814819335938,7.518826007843018,274.49542236328125,543.7915649414062,0.70703125,0.9494307041168213,86,1,8,0,0,2
0.7000278830528259,63.127220153808594,7.450199127197266,227.98048400878906,432.02484130859375,0.65625,0.9487434029579163,87,1,8,0,0,2
0.6205967664718628,68.8377914428711,4.178568363189697,267.05548095703125,486.2481994628906,0.640625,0.9497755765914917,88,1,8,0,0,2
0.6264464259147644,63.98335266113281,6.714341163635254,238.96453857421875,434.6382751464844,0.671875,0.9504189491271973,89,1,8,0,0,2
0.6246753334999084,66.88754272460938,7.777984142303467,225.94190979003906,464.6192626953125,0.6484375,0.9511501789093018,90,1,8,0,0,2
0.6762605905532837,56.945037841796875,8.011343002319336,194.6692352294922,434.4395751953125,0.71875,0.9520785808563232,91,1,8,0,0,2
0.8239176273345947,76.78225708007812,4.086739540100098,294.9473876953125,527.2808227539062,0.62890625,0.9508872628211975,92,1,8,0,0,2
0.7718576192855835,76.05988311767578,12.905784606933594,257.3221740722656,477.0747375488281,0.68359375,0.9524750113487244,93,1,8,0,0,2
0.7073730826377869,71.82469940185547,4.373350620269775,289.2543029785156,505.90789794921875,0.62890625,0.9514073729515076,94,1,8,0,0,2
0.7296919822692871,63.04375457763672,5.147409439086914,215.74826049804688,445.79180908203125,0.6015625,0.9514702558517456,95,1,8,0,0,2
0.5846431255340576,61.344322204589844,1.8075764179229736,254.02474975585938,463.64385986328125,0.55859375,0.9465282559394836,96,1,8,0,0,2
0.7268354892730713,76.08594512939453,6.28153133392334,301.54608154296875,510.5791931152344,0.66015625,0.9508104920387268,97,1,8,0,0,2
0.7532470226287842,78.28962707519531,4.910669326782227,284.49658203125,479.3174743652344,0.62890625,0.9466071724891663,98,1,8,0,0,2
0.7297638058662415,80.53433990478516,5.5115485191345215,300.18768310546875,624.4819946289062,0.65234375,0.9519836902618408,99,1,8,0,0,2
0.7849929332733154,78.04407501220703,2.8737587928771973,306.3465576171875,516.948486328125,0.58203125,0.9501798152923584,100,1,8,0,0,2
0.9820283651351929,94.54437255859375,8.738737106323242,352.67889404296875,639.9541015625,0.6328125,0.9495994448661804,101,1,8,0,0,2
0.5390627384185791,60.48369598388672,2.681361198425293,209.01535034179688,574.970947265625,0.6015625,0.949276328086853,102,1,8,0,0,2
0.6816084980964661,71.77359008789062,2.9071264266967773,268.33770751953125,566.0053100585938,0.60546875,0.9473201632499695,103,1,8,0,0,2
0.6494127511978149,77.26786041259766,4.151698112487793,262.8997802734375,486.6659240722656,0.6015625,0.9499439001083374,104,1,8,0,0,2
0.7407839894294739,76.46371459960938,4.041632652282715,274.6416015625,605.0154418945312,0.578125,0.9488835334777832,105,1,8,0,0,2
0.6863755583763123,68.49644470214844,6.795163631439209,251.56637573242188,568.225341796875,0.6640625,0.9480392932891846,106,1,8,0,0,2
0.7860620021820068,87.05976867675781,4.729025840759277,301.4585266113281,622.8640747070312,0.59375,0.9503434896469116,107,1,8,0,0,2
0.5931435823440552,66.95824432373047,3.544062614440918,252.03952026367188,542.6065063476562,0.6015625,0.9489800930023193,108,1,8,0,0,2
0.6621206998825073,68.7710189819336,1.8213900327682495,238.93711853027344,701.7654418945312,0.5546875,0.950257420539856,109,1,8,0,0,2
0.6137564182281494,64.70562744140625,1.6517021656036377,226.6331024169922,591.0411987304688,0.53125,0.9479948878288269,110,1,8,0,0,2
0.5970358848571777,62.98914337158203,1.5262300968170166,245.89788818359375,558.0941772460938,0.51171875,0.9499703645706177,111,1,8,0,0,2
0.4970133900642395,67.89044952392578,2.421144723892212,275.24346923828125,574.2069702148438,0.5625,0.9479320049285889,112,1,8,0,0,2
0.7175499200820923,72.6230239868164,2.7858991622924805,287.3665771484375,558.0687255859375,0.55859375,0.9495619535446167,113,1,8,0,0,2
0.5839681029319763,54.99098205566406,1.2379560470581055,198.5999755859375,472.2645568847656,0.5078125,0.9502309560775757,114,1,8,0,0,2
0.8356567025184631,89.21894836425781,5.74482536315918,306.23968505859375,613.7572021484375,0.609375,0.9506452083587646,115,1,8,0,0,2
0.688544750213623,70.87674713134766,3.5304856300354004,259.92376708984375,555.1549072265625,0.59765625,0.9502539038658142,116,1,8,0,0,2
0.8409027457237244,82.93746185302734,3.5490305423736572,315.1627197265625,520.9384155273438,0.6015625,0.9473227858543396,117,1,8,0,0,2
0.5327562093734741,80.04266357421875,2.8587493896484375,295.72314453125,624.2496337890625,0.578125,0.9497672319412231,118,1,8,0,0,2
0.715957760810852,69.45361328125,3.542952060699463,269.08648681640625,528.266845703125,0.58984375,0.9492466449737549,119,1,8,0,0,2
0.6151468753814697,69.1009292602539,1.3759210109710693,256.0474853515625,654.1766967773438,0.51953125,0.9478135108947754,120,1,8,0,0,2
0.9354472160339355,79.9893798828125,0.966529130935669,323.794921875,574.959228515625,0.5,0.9518868923187256,121,1,8,0,0,2
0.6575720310211182,70.14519500732422,3.5173792839050293,264.90155029296875,619.0416259765625,0.59375,0.9505935907363892,122,1,8,0,0,2
0.8252178430557251,77.85924530029297,2.0453717708587646,287.0246887207031,596.41650390625,0.55859375,0.9520766139030457,123,1,8,0,0,2
0.5392171740531921,63.15245056152344,2.8470401763916016,256.0566101074219,555.4528198242188,0.5546875,0.9493808150291443,124,1,8,0,0,2
0.5827879309654236,72.75994873046875,2.272125482559204,265.2261962890625,638.0081176757812,0.5703125,0.9508143663406372,125,1,8,0,0,2
0.8231584429740906,80.0668716430664,5.058706283569336,285.42095947265625,647.9684448242188,0.5703125,0.9496041536331177,126,1,8,0,0,2
0.5878603458404541,70.63728332519531,1.493049144744873,303.2330627441406,461.57275390625,0.52734375,0.9497869610786438,127,1,8,0,0,2
0.5444373488426208,57.78232955932617,0.7492976188659668,255.49288940429688,511.67999267578125,0.4921875,0.9505544900894165,128,1,8,0,0,2
0.719144344329834,69.55658721923828,1.93161940574646,276.01849365234375,607.3671264648438,0.5625,0.9481238126754761,129,1,8,0,0,2
0.7606508731842041,71.3966064453125,0.867027997970581,280.8630065917969,551.835205078125,0.49609375,0.9498558640480042,130,1,8,0,0,2
0.47861549258232117,68.73165893554688,0.9566821455955505,259.53692626953125,730.7953491210938,0.5,0.9510126113891602,131,1,8,0,0,2
0.718926727771759,64.09196472167969,1.6934175491333008,286.2200012207031,534.62548828125,0.546875,0.9512187242507935,132,1,8,0,0,2
0.5464272499084473,62.559181213378906,0.9968568682670593,252.0136260986328,510.847900390625,0.5,0.9477279186248779,133,1,8,0,0,2
0.7902324199676514,82.90969848632812,2.0903728008270264,331.3470458984375,577.0054321289062,0.55078125,0.9495738744735718,134,1,8,0,0,2
0.41446584463119507,62.30707550048828,1.115446925163269,239.53762817382812,580.7489013671875,0.50390625,0.9476892948150635,135,1,8,0,0,2
0.43732836842536926,53.35683822631836,0.6753793954849243,214.0257568359375,665.5188598632812,0.4765625,0.9481956958770752,136,1,8,0,0,2
0.8457939624786377,84.78711700439453,3.731435775756836,308.93499755859375,637.6096801757812,0.57421875,0.9488280415534973,137,1,8,0,0,2
0.48182588815689087,62.513153076171875,1.7113579511642456,241.3858642578125,588.166015625,0.53125,0.9522663950920105,138,1,8,0,0,2
0.5481218099594116,65.56444549560547,1.192789912223816,258.71759033203125,477.492431640625,0.5078125,0.9482337832450867,139,1,8,0,0,2
0.5239904522895813,72.3235855102539,2.0719220638275146,281.8462829589844,593.7197265625,0.56640625,0.9504076838493347,140,1,8,0,0,2
0.7773816585540771,72.34651184082031,1.0607209205627441,303.8057861328125,627.6220703125,0.50390625,0.948776364326477,141,1,8,0,0,2
0.822296142578125,82.47962951660156,1.6630237102508545,298.6129455566406,556.5025634765625,0.52734375,0.9533926248550415,142,1,8,0,0,2
0.6757173538208008,66.5409164428711,3.4552717208862305,232.39697265625,568.1610717773438,0.59375,0.9524728655815125,143,1,8,0,0,2
0.799250066280365,78.73966979980469,1.9697532653808594,291.3160400390625,679.25830078125,0.5546875,0.9496049880981445,144,1,8,0,0,2
0.7256060242652893,57.761016845703125,0.7714313268661499,218.6597900390625,541.352294921875,0.48828125,0.9466484785079956,145,1,8,0,0,2
0.5031248927116394,63.57737731933594,0.9049186706542969,241.4342041015625,583.1315307617188,0.48828125,0.9499701261520386,146,1,8,0,0,2
0.8453958034515381,79.1988754272461,0.45801907777786255,295.85369873046875,614.2457275390625,0.43359375,0.9523593783378601,147,1,8,0,0,2
0.9194521307945251,91.93270111083984,2.353458881378174,319.8387451171875,913.7509765625,0.54296875,0.9496408700942993,148,1,8,0,0,2
0.5437496900558472,73.1580810546875,1.9270672798156738,274.19952392578125,779.3132934570312,0.53515625,0.9491833448410034,149,1,8,0,0,2
0.833878755569458,72.78276062011719,0.8806644678115845,269.207763671875,649.8213500976562,0.49609375,0.9504678249359131,150,1,8,0,0,2
0.8144972324371338,74.22906494140625,0.7385078072547913,307.0848388671875,628.3929443359375,0.47265625,0.9521181583404541,151,1,8,0,0,2
0.5322252511978149,62.00177764892578,0.5045363903045654,240.67269897460938,733.6613159179688,0.46875,0.9484036564826965,152,1,8,0,0,2
0.7188047170639038,82.37477111816406,0.9069748520851135,335.74627685546875,712.5933227539062,0.49609375,0.9510558843612671,153,1,8,0,0,2
0.778282880783081,77.45086669921875,0.749437689781189,311.0596008300781,630.9673461914062,0.484375,0.9487271904945374,154,1,8,0,0,2
0.7889660596847534,70.51274871826172,0.8614869117736816,285.87835693359375,663.26953125,0.484375,0.9516125321388245,155,1,8,0,0,2
0.5952252149581909,59.852699279785156,0.4465843439102173,232.72808837890625,557.73486328125,0.4375,0.9496721029281616,156,1,8,0,0,2
0.6649805307388306,72.16400909423828,0.5787056684494019,288.7857971191406,716.3011474609375,0.46875,0.9495859146118164,157,1,8,0,0,2
0.844622790813446,100.94644165039062,0.8968548774719238,392.8746032714844,787.5415649414062,0.48828125,0.9485812783241272,158,1,8,0,0,2
0.7262781858444214,56.87678527832031,0.45745912194252014,223.49215698242188,539.5076293945312,0.4609375,0.9503664374351501,159,1,8,0,0,2
0.7464705109596252,82.08635711669922,0.6582330465316772,366.9002380371094,785.5150756835938,0.4765625,0.9500189423561096,160,1,8,0,0,2
0.9770857095718384,87.93639373779297,0.7002500295639038,334.877197265625,695.80712890625,0.48046875,0.9498634338378906,161,1,8,0,0,2
0.49947500228881836,61.36386489868164,0.4774622917175293,243.1155242919922,519.3689575195312,0.45703125,0.950799286365509,162,1,8,0,0,2
0.6698734164237976,74.69273376464844,0.3968322277069092,298.1778564453125,705.9317626953125,0.44140625,0.9489779472351074,163,1,8,0,0,2
0.7190633416175842,70.28118896484375,0.6247204542160034,244.42031860351562,683.2094116210938,0.44140625,0.949235737323761,164,1,8,0,0,2
0.49860233068466187,65.93228149414062,0.573021411895752,236.69189453125,686.5703125,0.47265625,0.9503763914108276,165,1,8,0,0,2
0.6933963894844055,74.09026336669922,1.0514354705810547,289.59674072265625,804.8133544921875,0.5,0.9485199451446533,166,1,8,0,0,2
0.6188823580741882,67.92092895507812,0.778250515460968,281.9518127441406,631.8872680664062,0.48828125,0.9500316977500916,167,1,8,0,0,2
0.5040281414985657,59.71705627441406,0.7887994050979614,248.93991088867188,629.6520385742188,0.47265625,0.9491345286369324,168,1,8,0,0,2
0.7726550102233887,81.3281478881836,1.153412103652954,293.4671936035156,950.3394165039062,0.51953125,0.9502353668212891,169,1,8,0,0,2
0.7643010020256042,72.92015838623047,0.6747795343399048,259.7185974121094,793.0809326171875,0.4609375,0.9503474831581116,170,1,8,0,0,2
0.4518238306045532,81.63837432861328,0.9287949800491333,313.2877502441406,739.1314697265625,0.4921875,0.9496850371360779,171,1,8,0,0,2
0.6235485076904297,73.04252624511719,0.4958927631378174,324.595458984375,683.206787109375,0.44921875,0.9488897919654846,172,1,8,0,0,2
0.7176269292831421,85.82656860351562,0.5953890681266785,348.5441589355469,705.1408081054688,0.4765625,0.9506974816322327,173,1,8,0,0,2
0.7613032460212708,85.17228698730469,0.9768396615982056,323.1017150878906,845.4168090820312,0.5,0.9500545859336853,174,1,8,0,0,2
0.6672924160957336,71.28147888183594,0.3252774178981781,259.2747497558594,719.456298828125,0.44140625,0.9490880966186523,175,1,8,0,0,2
0.6232700347900391,57.605934143066406,0.49103444814682007,220.26907348632812,507.5919494628906,0.46875,0.9490030407905579,176,1,8,0,0,2
0.5288712978363037,66.38337707519531,0.4456186294555664,251.91351318359375,629.1691284179688,0.453125,0.9504783749580383,177,1,8,0,0,2
0.6110273599624634,59.9292106628418,0.4818305969238281,219.22525024414062,630.7998046875,0.43359375,0.9501112103462219,178,1,8,0,0,2
0.7459132075309753,88.71183776855469,0.5459284782409668,373.5999755859375,733.1162719726562,0.47265625,0.9500607252120972,179,1,8,0,0,2
0.5606890320777893,58.64817810058594,0.5837072134017944,167.78927612304688,820.2086791992188,0.45703125,0.9495090842247009,180,1,8,0,0,2
0.6182470321655273,65.28926086425781,0.34835800528526306,256.226806640625,577.4132690429688,0.41796875,0.9478922486305237,181,1,8,0,0,2
0.7490246891975403,86.62794494628906,0.7389484643936157,323.1988525390625,770.4197998046875,0.48046875,0.9491955637931824,182,1,8,0,0,2
0.6504473686218262,70.10089111328125,0.5094035863876343,295.0099182128906,647.6741943359375,0.46484375,0.9474292397499084,183,1,8,0,0,2
0.654491126537323,77.28218841552734,0.3591122329235077,301.69171142578125,755.5797119140625,0.4453125,0.9493008852005005,184,1,8,0,0,2
0.6204526424407959,71.60137939453125,0.24402350187301636,280.22100830078125,702.3892211914062,0.41796875,0.9533867835998535,185,1,8,0,0,2
0.5645172595977783,75.96495819091797,0.40215420722961426,304.4049072265625,802.2633666992188,0.421875,0.954663872718811,186,1,8,0,0,2
0.7632780075073242,82.20745849609375,0.6950516700744629,316.62640380859375,714.1966552734375,0.46484375,0.9505476355552673,187,1,8,0,0,2
0.6111208200454712,79.24090576171875,0.26268690824508667,311.74609375,904.7257690429688,0.4140625,0.9513431191444397,188,1,8,0,0,2
0.6124758720397949,73.84783935546875,0.19512304663658142,325.16656494140625,713.0955810546875,0.42578125,0.9494112133979797,189,1,8,0,0,2
0.7661997079849243,78.24014282226562,0.4509757161140442,269.1613464355469,885.986328125,0.4296875,0.9463404417037964,190,1,8,0,0,2
0.5949519872665405,66.61096954345703,0.25934576988220215,280.6697082519531,623.0840454101562,0.41015625,0.9498103857040405,191,1,8,0,0,2
0.4985862076282501,51.07673645019531,0.40785109996795654,171.12005615234375,766.4169311523438,0.43359375,0.9529494047164917,192,1,8,0,0,2
0.5908474922180176,67.88703918457031,0.20931051671504974,226.6840057373047,742.0408935546875,0.41015625,0.9498440623283386,193,1,8,0,0,2
0.7494581937789917,72.8193588256836,0.20290298759937286,268.8956604003906,674.4415893554688,0.40234375,0.9493471384048462,194,1,8,0,0,2
0.7162851095199585,63.131072998046875,0.15930652618408203,295.06854248046875,542.25830078125,0.40234375,0.9505786895751953,195,1,8,0,0,2
0.8699440956115723,88.97637939453125,0.3135969638824463,319.142333984375,741.5377197265625,0.43359375,0.9487847685813904,196,1,8,0,0,2
0.5887964963912964,74.07997131347656,0.32785314321517944,296.1864013671875,744.009521484375,0.42578125,0.9515613317489624,197,1,8,0,0,2
0.41392576694488525,57.14999771118164,0.17636556923389435,266.4862060546875,655.8095703125,0.41796875,0.9494714140892029,198,1,8,0,0,2
0.7395471334457397,77.05624389648438,0.5045682191848755,338.72369384765625,719.5944213867188,0.42578125,0.9487342834472656,199,1,8,0,0,2
0.764494001865387,78.3131103515625,0.25409260392189026,324.7003173828125,674.9710693359375,0.421875,0.9468507170677185,200,1,8,0,0,2
0.5718877911567688,75.38972473144531,0.57064288854599,243.10012817382812,769.901611328125,0.44921875,0.949465811252594,201,1,8,0,0,2
0.6673396825790405,75.71981811523438,0.6066422462463379,250.9551544189453,836.2949829101562,0.47265625,0.9493931531906128,202,1,8,0,0,2
0.7269275188446045,69.89646911621094,0.21514233946800232,292.168701171875,612.1981811523438,0.39453125,0.9511674046516418,203,1,8,0,0,2
0.8103145360946655,80.86436462402344,0.31418389081954956,360.11798095703125,828.704833984375,0.44921875,0.9506824612617493,204,1,8,0,0,2
0.6406344175338745,73.01982116699219,0.6767698526382446,269.5281677246094,772.09375,0.46875,0.9493453502655029,205,1,8,0,0,2
0.8825526237487793,85.73855590820312,0.4480525553226471,316.71746826171875,804.60498046875,0.46484375,0.9508976340293884,206,1,8,0,0,2
0.665279746055603,77.16166687011719,0.26609766483306885,320.871337890625,619.73779296875,0.42578125,0.9476835131645203,207,1,8,0,0,2
0.6597278714179993,72.07158660888672,0.3895413875579834,275.97900390625,694.00048828125,0.4453125,0.9507744312286377,208,1,8,0,0,2
0.709169328212738,76.66560363769531,0.23179472982883453,237.0594940185547,1075.442626953125,0.41796875,0.9517308473587036,209,1,8,0,0,2
0.6780442595481873,64.65496826171875,0.2810116410255432,258.4534912109375,631.1129150390625,0.421875,0.9503443837165833,210,1,8,0,0,2
0.49327221512794495,71.29360961914062,0.3005128502845764,278.7271728515625,809.0086059570312,0.390625,0.9495847821235657,211,1,8,0,0,2
0.4032590389251709,54.8385009765625,0.24019277095794678,209.60678100585938,602.7582397460938,0.43359375,0.949526846408844,212,1,8,0,0,2
0.5215513110160828,61.89923095703125,0.23913738131523132,249.75717163085938,580.4310913085938,0.41796875,0.9475889205932617,213,1,8,0,0,2
0.6564754247665405,76.29037475585938,0.502281129360199,273.32373046875,991.8529052734375,0.43359375,0.9492723941802979,214,1,8,0,0,2
0.6255581378936768,68.54232788085938,0.2714058756828308,263.6053466796875,696.0103149414062,0.43359375,0.9483227729797363,215,1,8,0,0,2
0.6028544902801514,65.02326965332031,0.2294202595949173,278.33929443359375,813.3240356445312,0.3984375,0.9473853707313538,216,1,8,0,0,2
0.7681280374526978,91.38501739501953,0.5267208814620972,337.6385192871094,1161.7137451171875,0.46875,0.9493935704231262,217,1,8,0,0,2
0.6078499555587769,80.06236267089844,0.3285800814628601,311.6373291015625,858.3668823242188,0.43359375,0.9523918032646179,218,1,8,0,0,2
0.6841094493865967,83.76004791259766,0.5697107911109924,380.855712890625,925.6968383789062,0.48046875,0.9518672823905945,219,1,8,0,0,2
0.7933441400527954,94.57308197021484,0.4604032039642334,363.88482666015625,851.3167114257812,0.44140625,0.9482179284095764,220,1,8,0,0,2
0.48939579725265503,67.18684387207031,0.23667922616004944,290.32763671875,647.4933471679688,0.3984375,0.9514533877372742,221,1,8,0,0,2
0.598674476146698,60.232505798339844,0.22424563765525818,191.84539794921875,715.7355346679688,0.41796875,0.9497184157371521,222,1,8,0,0,2
0.6680319309234619,77.98934173583984,0.20064806938171387,319.08953857421875,879.858642578125,0.42578125,0.9459277987480164,223,1,8,0,0,2
0.7971863150596619,85.63499450683594,0.26195305585861206,342.6205139160156,842.6917114257812,0.421875,0.9483144283294678,224,1,8,0,0,2
0.8455494046211243,80.01144409179688,0.483106791973114,324.4508056640625,690.4973754882812,0.46484375,0.9485456347465515,225,1,8,0,0,2
0.7112013101577759,71.59559631347656,0.3362419009208679,276.10400390625,692.605224609375,0.4375,0.9484307169914246,226,1,8,0,0,2
0.7371208071708679,68.61238098144531,0.21377187967300415,294.82305908203125,654.5592041015625,0.3984375,0.9466754794120789,227,1,8,0,0,2
0.6099581718444824,62.505374908447266,0.513948917388916,220.9973602294922,637.1316528320312,0.45703125,0.9486647844314575,228,1,8,0,0,2
0.48500320315361023,62.8797721862793,0.22804045677185059,269.6961669921875,678.1055908203125,0.40625,0.948022186756134,229,1,8,0,0,2
0.5066012144088745,68.04638671875,0.23723644018173218,264.5777587890625,766.8810424804688,0.40625,0.9493210315704346,230,1,8,0,0,2
0.7580115795135498,81.63558959960938,0.3745270371437073,337.6489562988281,859.3424682617188,0.453125,0.9470227956771851,231,1,8,0,0,2
0.6744657754898071,73.98934936523438,0.2717742919921875,269.1558837890625,836.5835571289062,0.4453125,0.9499280452728271,232,1,8,0,0,2
0.5096539855003357,77.11376953125,0.3426535129547119,270.64605712890625,1129.4503173828125,0.4140625,0.9507191181182861,233,1,8,0,0,2
0.6104046106338501,76.45556640625,0.2690224051475525,318.61163330078125,754.9067993164062,0.41015625,0.951357901096344,234,1,8,0,0,2
0.2863874634106954,54.09039306640625,0.837666928768158,178.2319793701172,623.557373046875,0.4895833432674408,2.5299806594848633,235,1,8,0,0,2
0.5745561122894287,94.37928771972656,0.31837964057922363,416.21112060546875,915.7731323242188,0.42578125,0.9503477811813354,236,2,16,0,2,6
0.5513769388198853,93.35285949707031,0.35114139318466187,378.4251708984375,1088.05517578125,0.4375,0.9464134573936462,237,2,16,0,2,6
0.5872114300727844,85.1966781616211,0.12773066759109497,387.0836181640625,921.8233642578125,0.3828125,0.9471806883811951,238,2,16,0,2,6
0.666259765625,85.16563415527344,0.2506852447986603,407.0528564453125,950.6864624023438,0.40625,0.9506259560585022,239,2,16,0,2,6
0.7551344633102417,92.64068603515625,0.1317647397518158,447.649169921875,936.1435546875,0.37890625,0.9501388072967529,240,2,16,0,2,6
0.7139409780502319,104.947021484375,0.4477298855781555,409.3756408691406,1206.055908203125,0.4296875,0.9499313235282898,241,2,16,0,2,6
0.5574663281440735,88.48226928710938,0.4162617325782776,367.6541442871094,1032.0799560546875,0.4140625,0.9496068358421326,242,2,16,0,2,6
0.5677728056907654,90.62298583984375,0.24149852991104126,437.3436584472656,1054.97509765625,0.41796875,0.9497405290603638,243,2,16,0,2,6
0.6646156907081604,107.68498992919922,0.209235280752182,477.91925048828125,1146.338134765625,0.39453125,0.9506142139434814,244,2,16,0,2,6
0.6397665143013,97.85427856445312,0.30523890256881714,387.8924255371094,1021.807373046875,0.40234375,0.9503572583198547,245,2,16,0,2,6
1.0882223844528198,139.59426879882812,0.8461433053016663,544.5267333984375,1037.2412109375,0.49609375,0.9514888525009155,246,2,16,0,2,6
0.6717164516448975,99.67867279052734,0.4785730540752411,426.0692138671875,969.6118774414062,0.453125,0.9495120644569397,247,2,16,0,2,6
0.7704938650131226,105.03280639648438,0.18994301557540894,448.21337890625,997.4019775390625,0.4140625,0.9488827586174011,248,2,16,0,2,6
0.7254536151885986,114.97096252441406,0.19577331840991974,500.139404296875,1204.4501953125,0.390625,0.9511107206344604,249,2,16,0,2,6
0.7336640954017639,108.24542236328125,0.7884998321533203,394.9591064453125,1132.0526123046875,0.484375,0.9485043287277222,250,2,16,0,2,6
0.5601245164871216,97.99456787109375,0.08995711803436279,450.78741455078125,1076.93896484375,0.39453125,0.946450412273407,251,2,16,0,2,6
0.7951185703277588,124.92867279052734,0.4695882797241211,479.89129638671875,1081.0699462890625,0.44140625,0.9484363794326782,252,2,16,0,2,6
0.6190252304077148,80.98760986328125,0.3164961636066437,350.8226318359375,962.8285522460938,0.40234375,0.9490965008735657,253,2,16,0,2,6
0.6994763016700745,94.13368225097656,0.3413471579551697,448.55279541015625,987.530029296875,0.40625,0.9508988857269287,254,2,16,0,2,6
0.3309372067451477,56.00434112548828,0.3569648861885071,170.04437255859375,698.4495849609375,0.41015625,0.9470409154891968,255,2,16,0,2,6
0.5449233055114746,90.32489013671875,0.37759339809417725,379.9236755371094,1057.7747802734375,0.42578125,0.9503604173660278,256,2,16,0,2,6
0.6694790124893188,105.4073486328125,0.25356924533843994,486.0487365722656,840.4386596679688,0.44921875,0.9496411085128784,257,2,16,0,2,6
0.7366966605186462,103.125,0.26679977774620056,448.0987548828125,1092.46044921875,0.4296875,0.9494659900665283,258,2,16,0,2,6
0.7113032341003418,89.13308715820312,0.1039578914642334,441.8475646972656,1076.753173828125,0.34765625,0.9474964737892151,259,2,16,0,2,6
0.6896450519561768,101.5078125,0.18558171391487122,457.81732177734375,1074.352294921875,0.421875,0.9498042464256287,260,2,16,0,2,6
0.6064692735671997,96.82005310058594,0.5024296045303345,418.9273986816406,1103.6646728515625,0.4453125,0.9480872750282288,261,2,16,0,2,6
0.6484445929527283,107.8714599609375,0.3722570538520813,445.8670349121094,1205.1746826171875,0.44140625,0.9492035508155823,262,2,16,0,2,6
0.6202441453933716,110.82673645019531,0.1087835282087326,459.092041015625,1195.3275146484375,0.37890625,0.9462842345237732,263,2,16,0,2,6
0.6150292158126831,110.43973541259766,0.143990620970726,402.2813720703125,1138.676513671875,0.375,0.9490911960601807,264,2,16,0,2,6
0.7033953666687012,75.3045883178711,0.15694144368171692,339.7777099609375,903.8156127929688,0.41015625,0.9514653086662292,265,2,16,0,2,6
0.781886637210846,88.78855895996094,0.10635293275117874,377.3849182128906,1012.2445068359375,0.375,0.949569582939148,266,2,16,0,2,6
0.6393848657608032,88.2098388671875,0.07866096496582031,406.36248779296875,1022.9259643554688,0.3671875,0.9483655691146851,267,2,16,0,2,6
0.593237042427063,92.08858489990234,0.17541976273059845,393.4295654296875,965.954833984375,0.34765625,0.9506187438964844,268,2,16,0,2,6
0.6314680576324463,95.26036071777344,0.08080288767814636,365.06048583984375,1075.047607421875,0.3515625,0.949392557144165,269,2,16,0,2,6
0.5470727682113647,86.52874755859375,0.09774429351091385,359.3135986328125,1010.5829467773438,0.3671875,0.953169584274292,270,2,16,0,2,6
0.5143694877624512,73.55062866210938,0.16690096259117126,248.66183471679688,934.0360107421875,0.39453125,0.950688362121582,271,2,16,0,2,6
0.5822636485099792,105.9537124633789,0.1437399685382843,378.436767578125,1236.8880615234375,0.36328125,0.9503336548805237,272,2,16,0,2,6
0.5627619028091431,84.94674682617188,0.20865875482559204,376.0469970703125,1117.0706787109375,0.390625,0.9486333727836609,273,2,16,0,2,6
0.3845307230949402,73.5614013671875,0.12194490432739258,220.53060913085938,980.0640258789062,0.40234375,0.9509330987930298,274,2,16,0,2,6
0.64212965965271,96.50045013427734,0.18504659831523895,376.0869140625,1182.0631103515625,0.39453125,0.9487518668174744,275,2,16,0,2,6
0.7005099654197693,111.63465118408203,0.16799521446228027,493.82586669921875,1224.13330078125,0.390625,0.9492540955543518,276,2,16,0,2,6
0.7623220086097717,94.97633361816406,0.22268904745578766,381.19683837890625,1006.8421630859375,0.38671875,0.949896514415741,277,2,16,0,2,6
0.5921870470046997,102.84211730957031,0.11038115620613098,453.40185546875,1240.1737060546875,0.390625,0.9500556588172913,278,2,16,0,2,6
0.36979830265045166,74.59622955322266,0.03577394038438797,295.64288330078125,1141.1729736328125,0.3359375,0.9511079788208008,279,2,16,0,2,6
0.6231308579444885,90.82376098632812,0.0935455709695816,368.5411682128906,1086.1461181640625,0.375,0.947795033454895,280,2,16,0,2,6
0.5165685415267944,79.18415069580078,0.07530622184276581,267.6729431152344,1094.552734375,0.33203125,0.9485495090484619,281,2,16,0,2,6
0.8220710754394531,96.13412475585938,0.04629851132631302,419.270751953125,1137.1015625,0.3671875,0.9477478265762329,282,2,16,0,2,6
0.7707763910293579,107.33419799804688,0.04519873112440109,536.3004150390625,948.2781372070312,0.33203125,0.9524872303009033,283,2,16,0,2,6
0.847417414188385,118.55339050292969,0.18327754735946655,492.5337829589844,1246.3101806640625,0.44140625,0.9496967792510986,284,2,16,0,2,6
0.8655505180358887,112.00772857666016,0.12234567105770111,517.6629638671875,1158.815673828125,0.3671875,0.9482739567756653,285,2,16,0,2,6
0.3702108561992645,67.07646942138672,0.1605468988418579,288.7685546875,907.4894409179688,0.38671875,0.9490392208099365,286,2,16,0,2,6
0.7068362236022949,91.69202423095703,0.12559065222740173,356.0066223144531,1200.761962890625,0.37109375,0.9507281184196472,287,2,16,0,2,6
0.6586016416549683,120.06346893310547,0.19853907823562622,490.1832275390625,939.7071533203125,0.41796875,0.9480592608451843,288,2,16,0,2,6
0.7006048560142517,112.83321380615234,0.15509966015815735,467.13189697265625,1165.36376953125,0.4140625,0.9507160782814026,289,2,16,0,2,6
0.7066662311553955,106.05996704101562,0.046155184507369995,521.732666015625,1108.1029052734375,0.33984375,0.9494205117225647,290,2,16,0,2,6
0.5861153602600098,84.80043029785156,0.17953425645828247,368.0528564453125,1023.267333984375,0.4140625,0.9471094012260437,291,2,16,0,2,6
0.9075524210929871,118.91058349609375,0.10505266487598419,550.453857421875,1219.854248046875,0.38671875,0.950089156627655,292,2,16,0,2,6
0.5200240612030029,79.02249145507812,0.051940418779850006,270.87701416015625,1226.1793212890625,0.34375,0.9474430680274963,293,2,16,0,2,6
0.7510523200035095,111.34912109375,0.05655549466609955,437.34967041015625,1387.5262451171875,0.38671875,0.9538236260414124,294,2,16,0,2,6
0.4508801996707916,66.56659698486328,0.06825936585664749,194.92605590820312,953.1302490234375,0.3359375,0.9492513537406921,295,2,16,0,2,6
0.45758184790611267,78.6937255859375,0.03473375737667084,321.8106994628906,865.8609008789062,0.30859375,0.9496098160743713,296,2,16,0,2,6
0.3696325421333313,73.53020477294922,0.06606671959161758,240.95709228515625,967.4254150390625,0.3828125,0.9487677812576294,297,2,16,0,2,6
0.49599599838256836,84.61015319824219,0.05991009995341301,351.79217529296875,1047.7938232421875,0.33203125,0.9492409229278564,298,2,16,0,2,6
0.7670266032218933,91.5640640258789,0.0823533833026886,431.5560302734375,1080.77099609375,0.35546875,0.9485974907875061,299,2,16,0,2,6
0.4002431631088257,81.8735122680664,0.07298466563224792,338.81640625,1001.5534057617188,0.36328125,0.9478883147239685,300,2,16,0,2,6
0.8288222551345825,96.55078125,0.12079542130231857,352.98541259765625,1216.63671875,0.390625,0.9501845240592957,301,2,16,0,2,6
0.5197168588638306,89.91558837890625,0.07153432071208954,420.3802490234375,1080.78125,0.3515625,0.9471419453620911,302,2,16,0,2,6
0.613446831703186,114.18064880371094,0.15897175669670105,352.8366394042969,1460.317626953125,0.390625,0.9477782845497131,303,2,16,0,2,6
0.7332239151000977,94.09521484375,0.023918459191918373,334.281494140625,1345.2529296875,0.3125,0.9484841823577881,304,2,16,0,2,6
0.5590996742248535,87.1885757446289,0.06900165975093842,367.7906188964844,1252.0064697265625,0.3203125,0.9528071284294128,305,2,16,0,2,6
0.5750869512557983,85.78858947753906,0.033127494156360626,376.7034912109375,1000.8731689453125,0.296875,0.9500371217727661,306,2,16,0,2,6
0.6061122417449951,110.10749053955078,0.05801520496606827,574.491943359375,1110.5833740234375,0.35546875,0.9489786028862,307,2,16,0,2,6
0.6554970741271973,97.4615707397461,0.1048511415719986,427.7130432128906,1351.2894287109375,0.34765625,0.9491184949874878,308,2,16,0,2,6
0.5827659368515015,76.24290466308594,0.017153412103652954,153.783203125,1273.8929443359375,0.3046875,0.9509663581848145,309,2,16,0,2,6
0.8936031460762024,105.13578796386719,0.03273174539208412,491.83074951171875,1116.0565185546875,0.33984375,0.9482088685035706,310,2,16,0,2,6
0.7968162894248962,100.54251861572266,0.0380621962249279,463.9696350097656,1017.72998046875,0.3515625,0.9477807879447937,311,2,16,0,2,6
0.5861843228340149,98.82431030273438,0.03916451334953308,427.2567138671875,1239.385986328125,0.34765625,0.9483041167259216,312,2,16,0,2,6
0.5894784927368164,90.19532775878906,0.09525029361248016,275.0666809082031,1248.4232177734375,0.34765625,0.9499754309654236,313,2,16,0,2,6
0.5275759100914001,92.21784210205078,0.08535242080688477,409.943115234375,1111.4990234375,0.35546875,0.9486685991287231,314,2,16,0,2,6
0.7027993202209473,93.59758758544922,0.026194671168923378,424.94342041015625,1088.901611328125,0.296875,0.9490880966186523,315,2,16,0,2,6
0.5600570440292358,87.96540069580078,0.019781745970249176,440.9758605957031,1039.536865234375,0.2890625,0.9483262300491333,316,2,16,0,2,6
0.48942336440086365,77.22139739990234,0.06517476588487625,311.9691162109375,970.8212280273438,0.375,0.9485682845115662,317,2,16,0,2,6
0.46794596314430237,76.55276489257812,0.04556480422616005,287.6128234863281,905.574462890625,0.34765625,0.9460839629173279,318,2,16,0,2,6
0.5476768612861633,91.60592651367188,0.043723925948143005,337.2992858886719,1294.3133544921875,0.3359375,0.9492028951644897,319,2,16,0,2,6
0.6226524710655212,92.51995849609375,0.032999783754348755,393.2027587890625,1133.602783203125,0.29296875,0.9487254619598389,320,2,16,0,2,6
0.6683095693588257,91.61597442626953,0.0208748746663332,401.8533935546875,1168.409912109375,0.34375,0.9495210647583008,321,2,16,0,2,6
0.6193721890449524,85.3600082397461,0.029321562498807907,369.5855712890625,946.50244140625,0.3515625,0.9486742615699768,322,2,16,0,2,6
0.841503381729126,101.66421508789062,0.07423919439315796,438.8553466796875,1385.207275390625,0.34375,0.9491681456565857,323,2,16,0,2,6
0.9740616679191589,130.24681091308594,0.031457431614398956,535.5804443359375,1550.04052734375,0.3203125,0.9499180316925049,324,2,16,0,2,6
0.6698739528656006,105.2118148803711,0.04653245583176613,457.0069274902344,1310.9583740234375,0.3125,0.9512637257575989,325,2,16,0,2,6
0.6856763958930969,122.13902282714844,0.03916516900062561,489.4071044921875,1424.8519287109375,0.34765625,0.948104739189148,326,2,16,0,2,6
0.6152300238609314,103.42192077636719,0.06576863676309586,473.55633544921875,1044.32763671875,0.35546875,0.9487122893333435,327,2,16,0,2,6
0.5886588096618652,93.39440155029297,0.029942110180854797,506.80419921875,955.9656982421875,0.3125,0.9504400491714478,328,2,16,0,2,6
0.6964972019195557,80.81320190429688,0.04431849718093872,336.59765625,1206.357421875,0.3125,0.9507733583450317,329,2,16,0,2,6
1.0695358514785767,134.97750854492188,0.09901265799999237,574.0699462890625,1422.1810302734375,0.390625,0.9498563408851624,330,2,16,0,2,6
0.7933600544929504,103.52400970458984,0.09778409451246262,419.15789794921875,1191.604248046875,0.375,0.9484561085700989,331,2,16,0,2,6
0.5640444159507751,96.084716796875,0.052053987979888916,352.17254638671875,1273.31298828125,0.32421875,0.952677845954895,332,2,16,0,2,6
0.5430067777633667,73.04371643066406,0.04791049286723137,249.23114013671875,927.2486572265625,0.29296875,0.9500172138214111,333,2,16,0,2,6
0.7590630650520325,87.4666748046875,0.036294352263212204,362.3594055175781,1066.7100830078125,0.3203125,0.9481088519096375,334,2,16,0,2,6
0.5814374089241028,97.06655883789062,0.04639815166592598,387.8964538574219,1097.5037841796875,0.31640625,0.9502665400505066,335,2,16,0,2,6
0.5042648911476135,76.60431671142578,0.031313326209783554,240.4847869873047,916.0818481445312,0.3046875,0.9491429328918457,336,2,16,0,2,6
0.6875424981117249,122.0544204711914,0.07889406383037567,503.19537353515625,1404.5400390625,0.390625,0.948103666305542,337,2,16,0,2,6
0.901162326335907,112.05353546142578,0.06788279116153717,469.3980407714844,1341.46484375,0.375,0.9446353316307068,338,2,16,0,2,6
0.5646963715553284,85.13553619384766,0.09453293681144714,354.888427734375,1044.2518310546875,0.3203125,0.9490314722061157,339,2,16,0,2,6
0.7063957452774048,112.28010559082031,0.1168501079082489,525.0230712890625,1143.9324951171875,0.3828125,0.9492520093917847,340,2,16,0,2,6
0.43885862827301025,61.45818328857422,0.013218771666288376,136.2136688232422,1002.984619140625,0.2734375,0.949068009853363,341,2,16,0,2,6
0.6022162437438965,103.38431549072266,0.08197900652885437,418.7694091796875,1372.163330078125,0.359375,0.9496054649353027,342,2,16,0,2,6
0.4607312083244324,79.75321197509766,0.07343346625566483,234.07232666015625,1276.520263671875,0.33203125,0.9493623375892639,343,2,16,0,2,6
0.8809410333633423,97.97905731201172,0.04959592968225479,465.0443115234375,921.0726928710938,0.37109375,0.9466539025306702,344,2,16,0,2,6
0.6452596187591553,102.13912963867188,0.05908925086259842,388.6560974121094,1408.745849609375,0.3515625,0.9497370719909668,345,2,16,0,2,6
0.629725456237793,95.92886352539062,0.18589898943901062,461.610595703125,1091.1141357421875,0.40234375,0.9481858611106873,346,2,16,0,2,6
0.6400783061981201,85.27626037597656,0.055319055914878845,358.2227783203125,937.0617065429688,0.328125,0.9501985311508179,347,2,16,0,2,6
0.5391044020652771,86.446533203125,0.03228813409805298,269.4527587890625,1317.484375,0.3125,0.948680579662323,348,2,16,0,2,6
0.5202217102050781,92.95879364013672,0.02551114745438099,357.29864501953125,1317.1961669921875,0.34375,0.9502720832824707,349,2,16,0,2,6
0.6329619288444519,101.62075805664062,0.08635106682777405,407.7381591796875,1479.85791015625,0.3671875,0.9504578113555908,350,2,16,0,2,6
0.7138259410858154,104.11378479003906,0.07863287627696991,424.02899169921875,1407.421875,0.3671875,0.9534367322921753,351,2,16,0,2,6
0.9046207666397095,119.78321075439453,0.03862340748310089,491.3358459472656,1416.6988525390625,0.34375,0.950894832611084,352,2,16,0,2,6
0.6166408061981201,87.32061004638672,0.007210469804704189,407.48248291015625,974.0713500976562,0.30859375,0.9475792646408081,353,2,16,0,2,6
0.7558906078338623,102.90367126464844,0.07229837775230408,432.717529296875,1179.313232421875,0.3359375,0.9493461847305298,354,2,16,0,2,6
0.7841132879257202,132.806640625,0.16152429580688477,566.3049926757812,1191.192626953125,0.4140625,0.9511737823486328,355,2,16,0,2,6
0.9073377847671509,116.07612609863281,0.08418028056621552,451.8731689453125,1274.691162109375,0.38671875,0.948971688747406,356,2,16,0,2,6
0.41612398624420166,68.45991516113281,0.03195129334926605,305.10321044921875,839.015625,0.27734375,0.9476159811019897,357,2,16,0,2,6
0.7527642250061035,101.87688446044922,0.023769648745656013,389.5140075683594,1507.5435791015625,0.26171875,0.9489663243293762,358,2,16,0,2,6
0.6550740599632263,72.16767883300781,0.026454947888851166,139.66268920898438,1120.24462890625,0.28125,0.9489178657531738,359,2,16,0,2,6
0.654491662979126,104.31402587890625,0.0452166423201561,422.40032958984375,1292.9129638671875,0.32421875,0.9502680897712708,360,2,16,0,2,6
0.8427976965904236,118.77449798583984,0.09812948107719421,507.0196533203125,1153.535888671875,0.375,0.9479594826698303,361,2,16,0,2,6
0.6980780959129333,122.70296478271484,0.051681168377399445,449.9422607421875,1416.609619140625,0.359375,0.947929322719574,362,2,16,0,2,6
0.5691877007484436,90.1437759399414,0.03173302859067917,345.7431640625,1341.0201416015625,0.31640625,0.9514861702919006,363,2,16,0,2,6
0.8738567233085632,109.88142395019531,0.041749075055122375,457.0463562011719,1017.9368286132812,0.33984375,0.9503440260887146,364,2,16,0,2,6
0.5186657309532166,62.79446792602539,0.037673816084861755,153.93051147460938,899.5565795898438,0.3203125,0.9508708119392395,365,2,16,0,2,6
0.5522581934928894,102.9061279296875,0.04658282548189163,512.8690185546875,1195.1722412109375,0.30859375,0.9473394751548767,366,2,16,0,2,6
0.6326603293418884,121.18036651611328,0.05779436230659485,517.9714965820312,1310.33984375,0.36328125,0.9493653774261475,367,2,16,0,2,6
0.4125286638736725,76.89132690429688,0.028072603046894073,255.04641723632812,1073.9271240234375,0.328125,0.9515575766563416,368,2,16,0,2,6
0.7307854890823364,113.95956420898438,0.03722108155488968,461.239990234375,1279.99951171875,0.3515625,0.9493312239646912,369,2,16,0,2,6
1.0577521324157715,108.38458251953125,0.021753452718257904,503.234130859375,1433.089599609375,0.30859375,0.9452375769615173,370,2,16,0,2,6
0.5465051531791687,105.7774887084961,0.05230313166975975,476.7704162597656,1124.3563232421875,0.3828125,0.9517431259155273,371,2,16,0,2,6
0.8531737923622131,109.05911254882812,0.025112159550189972,539.0535888671875,1081.0997314453125,0.30078125,0.9489731192588806,372,2,16,0,2,6
1.0979399681091309,128.68836975097656,0.05781877785921097,550.32275390625,1416.304931640625,0.37890625,0.9490454196929932,373,2,16,0,2,6
0.7381865978240967,109.43440246582031,0.04963165149092674,507.8672180175781,1239.6201171875,0.3515625,0.9489182829856873,374,2,16,0,2,6
0.8220175504684448,117.4005355834961,0.01626918464899063,519.441650390625,1377.9332275390625,0.3046875,0.9519248604774475,375,2,16,0,2,6
0.4709628224372864,83.170654296875,0.06238172948360443,386.895263671875,859.3936767578125,0.3515625,0.9484823942184448,376,2,16,0,2,6
0.8669897317886353,123.117919921875,0.037696488201618195,526.359130859375,1218.4874267578125,0.36328125,0.9488512277603149,377,2,16,0,2,6
0.49254244565963745,93.55290222167969,0.11170975863933563,361.5370788574219,1239.021728515625,0.36328125,0.9483208656311035,378,2,16,0,2,6
0.39545196294784546,66.12905883789062,0.018286626785993576,205.5057373046875,864.3349609375,0.30859375,0.9499620795249939,379,2,16,0,2,6
0.6719533801078796,84.18192291259766,0.029136735945940018,270.2095642089844,1174.704833984375,0.3046875,0.9491357803344727,380,2,16,0,2,6
0.6609755158424377,89.37263488769531,0.009254250675439835,376.9967956542969,1118.5849609375,0.3203125,0.9494889974594116,381,2,16,0,2,6
0.7324166893959045,108.80140686035156,0.09049133956432343,448.6385192871094,1339.904296875,0.37890625,0.9483655095100403,382,2,16,0,2,6
0.6993189454078674,100.76103210449219,0.03235413134098053,481.95123291015625,1375.4666748046875,0.3203125,0.9494064450263977,383,2,16,0,2,6
0.7024932503700256,97.03202819824219,0.041912540793418884,443.1750793457031,1245.39208984375,0.28515625,0.9518477320671082,384,2,16,0,2,6
0.506544291973114,95.2237548828125,0.02486313506960869,349.9203186035156,1318.985107421875,0.2734375,0.949408233165741,385,2,16,0,2,6
0.4694889783859253,77.9822998046875,0.014569424092769623,214.39736938476562,1320.692138671875,0.29296875,0.9479559659957886,386,2,16,0,2,6
0.5988931059837341,89.106201171875,0.04300539940595627,328.12127685546875,1344.797119140625,0.33984375,0.952613353729248,387,2,16,0,2,6
0.27418044209480286,63.82975769042969,0.02137760818004608,124.99040222167969,1085.3240966796875,0.28125,0.9495638012886047,388,2,16,0,2,6
1.0642985105514526,143.82110595703125,0.06593042612075806,605.795654296875,1535.6094970703125,0.40234375,0.9475476741790771,389,2,16,0,2,6
0.6599094867706299,81.16738891601562,0.024757500737905502,427.4122314453125,963.73486328125,0.30859375,0.9475954174995422,390,2,16,0,2,6
0.6199920177459717,89.5029296875,0.11871328204870224,299.5208740234375,1103.4580078125,0.37890625,0.9506713151931763,391,2,16,0,2,6
0.4540782868862152,85.02471923828125,0.03444329649209976,283.05712890625,1400.13330078125,0.3046875,0.9458168745040894,392,2,16,0,2,6
0.7927730083465576,93.88693237304688,0.015833038836717606,381.26690673828125,1184.8099365234375,0.3203125,0.9482258558273315,393,2,16,0,2,6
0.8877238631248474,135.34942626953125,0.02702150121331215,693.1107177734375,1469.5108642578125,0.32421875,0.9499787092208862,394,2,16,0,2,6
0.7465778589248657,101.33462524414062,0.028640322387218475,474.4454345703125,1224.25,0.31640625,0.9488546848297119,395,2,16,0,2,6
0.7450689077377319,94.80392456054688,0.019344672560691833,407.9501953125,1447.4913330078125,0.296875,0.9468436241149902,396,2,16,0,2,6
0.86476731300354,93.44182586669922,0.026276476681232452,478.0925598144531,1014.7399291992188,0.32421875,0.9502344131469727,397,2,16,0,2,6
0.7544406056404114,101.79225158691406,0.07924380898475647,526.7672729492188,1181.7811279296875,0.33203125,0.9497436881065369,398,2,16,0,2,6
0.6626269817352295,95.29376220703125,0.015751004219055176,399.24530029296875,1167.9505615234375,0.31640625,0.9507117867469788,399,2,16,0,2,6
0.6007506847381592,100.38973999023438,0.01959022879600525,454.4247741699219,1305.1832275390625,0.328125,0.9512169361114502,400,2,16,0,2,6
0.8536643981933594,113.42913818359375,0.016201665624976158,438.9005126953125,1320.5799560546875,0.31640625,0.9500842094421387,401,2,16,0,2,6
0.7055626511573792,117.39278411865234,0.05908915773034096,581.4093017578125,1238.9866943359375,0.34765625,0.9477169513702393,402,2,16,0,2,6
0.6195098757743835,101.89620971679688,0.04976477846503258,468.1481018066406,1371.561767578125,0.328125,0.9506421089172363,403,2,16,0,2,6
0.5571227073669434,103.42841339111328,0.025801507756114006,412.64324951171875,1430.371337890625,0.3046875,0.9486039876937866,404,2,16,0,2,6
0.8538415431976318,114.83502197265625,0.03731630742549896,506.2690124511719,1400.2344970703125,0.31640625,0.9504926800727844,405,2,16,0,2,6
0.730116069316864,104.48443603515625,0.016644783318042755,332.70794677734375,1476.667236328125,0.30078125,0.9501779079437256,406,2,16,0,2,6
0.8250595331192017,119.76009368896484,0.031742267310619354,517.0927734375,1385.8182373046875,0.34375,0.9489575028419495,407,2,16,0,2,6
0.7908637523651123,112.64240264892578,0.03595676273107529,471.3131103515625,1418.64501953125,0.3046875,0.9482349753379822,408,2,16,0,2,6
0.6583168506622314,97.93062591552734,0.02310730703175068,431.56103515625,1631.0711669921875,0.3125,0.9495761394500732,409,2,16,0,2,6
0.5058907270431519,87.22099304199219,0.014394436962902546,310.4169921875,1241.3697509765625,0.31640625,0.9479284286499023,410,2,16,0,2,6
0.9315065145492554,115.08699035644531,0.025328513234853745,553.9658203125,1257.0360107421875,0.35546875,0.949740469455719,411,2,16,0,2,6
1.1131699085235596,148.32791137695312,0.05790095776319504,637.593505859375,1587.32568359375,0.37109375,0.9487399458885193,412,2,16,0,2,6
0.6234315633773804,90.81072235107422,0.01724589616060257,372.0889892578125,1337.61474609375,0.28125,0.9491468667984009,413,2,16,0,2,6
1.106589913368225,144.36282348632812,0.042932700365781784,609.7548828125,1556.883544921875,0.33984375,0.9477663636207581,414,2,16,0,2,6
0.772172212600708,121.71227264404297,0.05887690931558609,440.271728515625,1412.34619140625,0.37109375,0.9515970945358276,415,2,16,0,2,6
0.7846688032150269,125.4061508178711,0.016929063946008682,557.1602783203125,1489.081298828125,0.33203125,0.9504660964012146,416,2,16,0,2,6
1.1117781400680542,134.62327575683594,0.033811770379543304,580.838623046875,1241.923828125,0.33203125,0.9474356770515442,417,2,16,0,2,6
0.6772162318229675,108.44795989990234,0.03289048746228218,572.1744995117188,1107.5830078125,0.3515625,0.9523060917854309,418,2,16,0,2,6
0.6275648474693298,111.19435119628906,0.05589862912893295,486.9385070800781,1417.0087890625,0.3515625,0.9470707178115845,419,2,16,0,2,6
0.8959411382675171,119.32906341552734,0.0300618764013052,530.71044921875,1332.1265869140625,0.32421875,0.9495629668235779,420,2,16,0,2,6
0.5716409087181091,82.64093780517578,0.035707056522369385,331.1475830078125,1080.5911865234375,0.31640625,0.9491686820983887,421,2,16,0,2,6
0.5525152683258057,84.02992248535156,0.03029669262468815,292.197509765625,1360.9462890625,0.3125,0.9510512948036194,422,2,16,0,2,6
0.563980221748352,87.2980728149414,0.015609586611390114,318.36444091796875,1181.258056640625,0.31640625,0.9506308436393738,423,2,16,0,2,6
0.3106495141983032,58.77429962158203,0.03603401780128479,137.34959411621094,929.8135375976562,0.29296875,0.9478650689125061,424,2,16,0,2,6
0.8224927186965942,143.97406005859375,0.020637596026062965,723.5896606445312,1613.477783203125,0.296875,0.949244499206543,425,2,16,0,2,6
0.9979442358016968,135.9058837890625,0.046035394072532654,655.7684326171875,1366.29248046875,0.33203125,0.948900043964386,426,2,16,0,2,6
0.6230170726776123,112.49070739746094,0.029248883947730064,465.526611328125,1386.7852783203125,0.328125,0.948615550994873,427,2,16,0,2,6
0.8894480466842651,88.55067443847656,0.013333828188478947,331.2934875488281,1015.5687866210938,0.3046875,0.9491915106773376,428,2,16,0,2,6
0.6808302998542786,117.59783935546875,0.04324602335691452,442.95111083984375,1395.4112548828125,0.359375,0.9506694078445435,429,2,16,0,2,6
0.7267662286758423,105.80845642089844,0.015009790658950806,454.3807067871094,1191.5072021484375,0.26171875,0.9501306414604187,430,2,16,0,2,6
0.6886699199676514,110.70504760742188,0.01909186691045761,534.639404296875,1270.5943603515625,0.31640625,0.9507895708084106,431,2,16,0,2,6
1.0733798742294312,149.26454162597656,0.08270449936389923,689.8204345703125,1502.0501708984375,0.36328125,0.9497435688972473,432,2,16,0,2,6
0.6199832558631897,127.0666275024414,0.04651094228029251,554.35986328125,1461.15966796875,0.31640625,0.9518700242042542,433,2,16,0,2,6
0.6413186192512512,112.259033203125,0.07509191334247589,484.921142578125,1333.416748046875,0.3828125,0.9502204656600952,434,2,16,0,2,6
0.5958079695701599,85.50637817382812,0.028178591281175613,345.197265625,1116.94091796875,0.33203125,0.9484802484512329,435,2,16,0,2,6
0.5983909368515015,105.04206848144531,0.05558164790272713,403.4131774902344,1356.0860595703125,0.33203125,0.9474831819534302,436,2,16,0,2,6
0.768008828163147,95.69784545898438,0.015607962384819984,299.482177734375,1206.90283203125,0.32421875,0.9498474597930908,437,2,16,0,2,6
0.7477596998214722,110.27143859863281,0.054251961410045624,515.0711669921875,1235.3687744140625,0.35546875,0.9502482414245605,438,2,16,0,2,6
0.5644318461418152,96.05662536621094,0.02736172080039978,428.9020690917969,1254.1064453125,0.328125,0.947184681892395,439,2,16,0,2,6
0.647681474685669,88.23344421386719,0.010141780599951744,368.3995666503906,1344.013916015625,0.29296875,0.9500278830528259,440,2,16,0,2,6
0.8436585664749146,111.9860610961914,0.03801411762833595,529.2916870117188,1239.3778076171875,0.33203125,0.9481135606765747,441,2,16,0,2,6
0.6986204981803894,114.52163696289062,0.027891213074326515,557.060302734375,1248.0250244140625,0.3046875,0.9477559328079224,442,2,16,0,2,6
0.524285614490509,98.17313385009766,0.046159565448760986,406.8862609863281,1207.34765625,0.328125,0.9477317333221436,443,2,16,0,2,6
0.6055017709732056,95.43042755126953,0.06022396311163902,328.88018798828125,1277.3206787109375,0.34375,0.9502407312393188,444,2,16,0,2,6
0.8815196752548218,117.40496826171875,0.02485395409166813,491.00830078125,1438.139404296875,0.3359375,0.951474130153656,445,2,16,0,2,6
0.4256109893321991,82.5814208984375,0.020588353276252747,274.114990234375,1181.3226318359375,0.32421875,0.9484017491340637,446,2,16,0,2,6
0.6274411678314209,98.37068939208984,0.046377528458833694,437.7607421875,979.817626953125,0.328125,0.948744535446167,447,2,16,0,2,6
0.7715035080909729,116.73560333251953,0.05588840693235397,478.10797119140625,1311.5357666015625,0.33203125,0.9495802521705627,448,2,16,0,2,6
0.4454677104949951,96.52519226074219,0.034954797476530075,301.9233703613281,1434.8421630859375,0.296875,0.9486327767372131,449,2,16,0,2,6
0.39259102940559387,84.56427001953125,0.00704826507717371,267.11865234375,1169.3189697265625,0.24609375,0.9488034844398499,450,2,16,0,2,6
0.52468341588974,104.982666015625,0.022870704531669617,384.04229736328125,1332.7003173828125,0.34765625,0.9498997926712036,451,2,16,0,2,6
0.36741846799850464,59.4066047668457,0.019417017698287964,173.22283935546875,769.8209838867188,0.2890625,0.9485988020896912,452,2,16,0,2,6
0.604433000087738,101.06695556640625,0.022079966962337494,428.8166809082031,1248.077392578125,0.30859375,0.9480281472206116,453,2,16,0,2,6
0.9694229960441589,130.63275146484375,0.03442011773586273,554.84423828125,1441.5706787109375,0.3359375,0.9491324424743652,454,2,16,0,2,6
0.7150452136993408,115.96450805664062,0.01588001288473606,549.855224609375,1591.6693115234375,0.30859375,0.9517490267753601,455,2,16,0,2,6
0.9053659439086914,130.15237426757812,0.035563163459300995,547.5003662109375,1528.1756591796875,0.35546875,0.9508119821548462,456,2,16,0,2,6
0.5152904391288757,73.0914077758789,0.011390084400773048,199.14451599121094,1064.76025390625,0.2890625,0.9489187002182007,457,2,16,0,2,6
0.5767549276351929,96.88760375976562,0.011996172368526459,401.4337158203125,1235.590087890625,0.3203125,0.9481016993522644,458,2,16,0,2,6
0.4165685176849365,85.51338195800781,0.012294873595237732,261.7623596191406,1082.6727294921875,0.28515625,0.9478631019592285,459,2,16,0,2,6
0.48066428303718567,73.16859436035156,0.006127410102635622,123.173095703125,1344.2740478515625,0.296875,0.9481403231620789,460,2,16,0,2,6
0.58332359790802,94.92811584472656,0.023011326789855957,307.4752197265625,1254.2562255859375,0.30078125,0.949282705783844,461,2,16,0,2,6
0.9344619512557983,108.51106262207031,0.017434081062674522,447.2742919921875,1394.7186279296875,0.30859375,0.9509294033050537,462,2,16,0,2,6
0.7409873008728027,104.41365051269531,0.013722410425543785,446.30902099609375,1271.93701171875,0.2890625,0.9489127397537231,463,2,16,0,2,6
0.7472699284553528,94.7908935546875,0.00810365192592144,388.8470153808594,1297.2210693359375,0.29296875,0.9476388096809387,464,2,16,0,2,6
0.7448445558547974,95.29835510253906,0.010128645226359367,294.75823974609375,1362.2965087890625,0.27734375,0.9486384391784668,465,2,16,0,2,6
0.4855843186378479,84.13766479492188,0.005203218199312687,295.4866943359375,1373.5472412109375,0.27734375,0.949794590473175,466,2,16,0,2,6
0.9547420740127563,124.4817886352539,0.03727051988244057,536.2291259765625,1614.10302734375,0.3203125,0.9481382966041565,467,2,16,0,2,6
0.5446280241012573,91.24644470214844,0.002737772185355425,355.0006103515625,1244.3541259765625,0.25,0.9515884518623352,468,2,16,0,2,6
0.845169186592102,141.23367309570312,0.011308825574815273,609.94677734375,1601.9117431640625,0.32421875,0.9512837529182434,469,2,16,0,2,6
0.24233879645665488,27.140127182006836,0.009882325306534767,5.777288436889648,603.6185302734375,0.2291666716337204,2.528442621231079,470,2,16,0,2,6
0.62042236328125,100.8846435546875,0.007165323011577129,397.29150390625,1346.55615234375,0.31640625,0.9490058422088623,471,3,24,0,4,10
0.9100607633590698,124.99287414550781,0.048986952751874924,564.0155639648438,1359.33154296875,0.328125,0.9465780854225159,472,3,24,0,4,10
0.7583898305892944,114.45753479003906,0.01846608892083168,529.4497680664062,1246.09033203125,0.33203125,0.9467419385910034,473,3,24,0,4,10
1.1556627750396729,157.05999755859375,0.03655054420232773,608.0316162109375,1735.3358154296875,0.3515625,0.9484870433807373,474,3,24,0,4,10
0.6161291599273682,94.92150115966797,0.01213752944022417,384.84405517578125,1565.135498046875,0.31640625,0.948674738407135,475,3,24,0,4,10
0.7527586221694946,107.68362426757812,0.02685428224503994,571.30029296875,1129.571044921875,0.36328125,0.9487888216972351,476,3,24,0,4,10
0.5125343203544617,103.9066390991211,0.019883912056684494,446.53466796875,1272.814697265625,0.3046875,0.9502626061439514,477,3,24,0,4,10
0.7476092576980591,115.0810317993164,0.045312218368053436,415.25506591796875,1444.0885009765625,0.32421875,0.9495458006858826,478,3,24,0,4,10
0.6121385097503662,95.51271057128906,0.008926846086978912,438.7109680175781,1492.259765625,0.26171875,0.9490463137626648,479,3,24,0,4,10
0.7675601243972778,93.9681396484375,0.002905236091464758,295.3902587890625,1654.251220703125,0.234375,0.948326587677002,480,3,24,0,4,10
0.49458760023117065,102.59565734863281,0.02105538919568062,401.882080078125,1393.6968994140625,0.30859375,0.9494010806083679,481,3,24,0,4,10
0.6884520649909973,127.6349105834961,0.008696207776665688,521.2258911132812,1788.81005859375,0.3203125,0.9481003880500793,482,3,24,0,4,10
0.48365917801856995,81.50810241699219,0.006300274282693863,201.86044311523438,1323.0350341796875,0.29296875,0.9486699104309082,483,3,24,0,4,10
0.8353806734085083,120.85800170898438,0.010954143479466438,574.8211669921875,1484.876953125,0.28515625,0.9509006142616272,484,3,24,0,4,10
0.7815807461738586,108.45578002929688,0.007522664964199066,478.57421875,1391.053466796875,0.2734375,0.9504578709602356,485,3,24,0,4,10
0.507854163646698,115.5419692993164,0.004204047843813896,444.8626708984375,1550.53271484375,0.265625,0.949658989906311,486,3,24,0,4,10
0.5594215393066406,110.59728240966797,0.003525533713400364,405.28167724609375,1816.924072265625,0.26953125,0.9473358392715454,487,3,24,0,4,10
0.7777508497238159,113.185302734375,0.00246231397613883,452.4910888671875,1507.6407470703125,0.2734375,0.94832843542099,488,3,24,0,4,10
0.5831458568572998,97.21188354492188,0.004486368037760258,430.05999755859375,1185.06396484375,0.24609375,0.9462832808494568,489,3,24,0,4,10
0.9242023229598999,121.36383819580078,0.018386881798505783,606.266357421875,1270.6441650390625,0.328125,0.947412371635437,490,3,24,0,4,10
0.372118204832077,79.87618255615234,0.009645829908549786,211.31349182128906,1275.1109619140625,0.30078125,0.9506080746650696,491,3,24,0,4,10
0.503003716468811,71.2428970336914,0.004582609981298447,50.92429733276367,1099.646240234375,0.22265625,0.9490047693252563,492,3,24,0,4,10
1.1088151931762695,136.54779052734375,0.012520170770585537,651.8971557617188,1630.4412841796875,0.30859375,0.949042022228241,493,3,24,0,4,10
0.7238590121269226,118.21500396728516,0.020258910953998566,486.2911376953125,1537.884521484375,0.33203125,0.9522254467010498,494,3,24,0,4,10
0.7351531982421875,96.33502197265625,0.010241084732115269,405.58221435546875,1381.660888671875,0.2890625,0.9497387409210205,495,3,24,0,4,10
0.8502436876296997,114.08106231689453,0.01301455870270729,499.72705078125,1347.765380859375,0.29296875,0.9498804211616516,496,3,24,0,4,10
0.49163320660591125,91.48884582519531,0.006290410179644823,383.39703369140625,1381.5565185546875,0.26953125,0.9503993988037109,497,3,24,0,4,10
0.4651869237422943,92.94363403320312,0.015565624460577965,393.1378479003906,1261.5211181640625,0.3125,0.9479528069496155,498,3,24,0,4,10
0.9350321292877197,128.02633666992188,0.015062494203448296,626.91650390625,1600.0185546875,0.30859375,0.9510855078697205,499,3,24,0,4,10
0.8304114937782288,119.24713134765625,0.011503916233778,535.5438232421875,1488.689453125,0.30859375,0.949395477771759,500,3,24,0,4,10
0.8493741154670715,128.98202514648438,0.012954363599419594,582.1763305664062,1530.1470947265625,0.2734375,0.949752926826477,501,3,24,0,4,10
0.8542752861976624,124.90909576416016,0.05169222876429558,603.1826171875,1376.515869140625,0.36328125,0.9493357539176941,502,3,24,0,4,10
0.8353176116943359,117.30929565429688,0.023635031655430794,511.6365661621094,1662.9029541015625,0.3203125,0.9477531909942627,503,3,24,0,4,10
0.36100566387176514,74.61795043945312,0.007912328466773033,222.56814575195312,928.1197509765625,0.29296875,0.9492112398147583,504,3,24,0,4,10
0.6254538297653198,92.18183898925781,0.02218051813542843,392.07281494140625,1191.06640625,0.25390625,0.9504327774047852,505,3,24,0,4,10
0.40255206823349,61.88526153564453,0.011844380758702755,114.20774841308594,1057.5018310546875,0.27734375,0.9516794681549072,506,3,24,0,4,10
0.6599507331848145,95.34957885742188,0.005897690542042255,395.22052001953125,1159.366943359375,0.2890625,0.9503167271614075,507,3,24,0,4,10
0.5544432401657104,85.57829284667969,0.009486192837357521,233.76480102539062,1373.2115478515625,0.26171875,0.9480367302894592,508,3,24,0,4,10
0.6391938924789429,102.15184783935547,0.013917544856667519,459.52349853515625,1107.0489501953125,0.2890625,0.9477353096008301,509,3,24,0,4,10
0.703955352306366,104.83827209472656,0.016935566440224648,339.54998779296875,1633.85400390625,0.30078125,0.9471325278282166,510,3,24,0,4,10
0.6522480249404907,90.76609802246094,0.04603392630815506,224.80545043945312,1440.291748046875,0.3125,0.9502035975456238,511,3,24,0,4,10
0.605819046497345,110.91735076904297,0.0065606520511209965,445.6427307128906,1410.2872314453125,0.31640625,0.9493564963340759,512,3,24,0,4,10
0.6749660968780518,85.86702728271484,0.01249481551349163,210.51780700683594,1321.3797607421875,0.31640625,0.9502214193344116,513,3,24,0,4,10
0.45515501499176025,107.93470001220703,0.021319519728422165,350.19573974609375,1832.4967041015625,0.3203125,0.9503728151321411,514,3,24,0,4,10
0.7596044540405273,111.43951416015625,0.02956867590546608,411.9993896484375,1576.625,0.3359375,0.9487298727035522,515,3,24,0,4,10
1.0954949855804443,112.04327392578125,0.0101326834410429,490.5527648925781,1390.3548583984375,0.2890625,0.9509128332138062,516,3,24,0,4,10
0.6618623733520508,105.96977233886719,0.021632278338074684,438.9500732421875,1252.8624267578125,0.34765625,0.9510242342948914,517,3,24,0,4,10
0.6078989505767822,122.67283630371094,0.008092015981674194,579.4877319335938,1380.021240234375,0.2734375,0.9523658752441406,518,3,24,0,4,10
0.6988862752914429,116.36051177978516,0.025198111310601234,462.6597595214844,1745.250244140625,0.33984375,0.9495245814323425,519,3,24,0,4,10
0.9531650543212891,114.84992980957031,0.008466783910989761,453.11181640625,1568.859619140625,0.3046875,0.9492024779319763,520,3,24,0,4,10
0.7854707837104797,133.59974670410156,0.01626196876168251,678.1495361328125,1228.6119384765625,0.328125,0.9491847157478333,521,3,24,0,4,10
0.5264579653739929,93.76519775390625,0.018433265388011932,139.68478393554688,1866.5623779296875,0.28125,0.9485509991645813,522,3,24,0,4,10
0.6469391584396362,106.1153793334961,0.015915662050247192,422.580078125,1637.8046875,0.30859375,0.9497124552726746,523,3,24,0,4,10
0.7595247626304626,114.05965423583984,0.02159900963306427,534.6572875976562,1439.6614990234375,0.2890625,0.9481685757637024,524,3,24,0,4,10
0.4814678728580475,95.61155700683594,0.03549358248710632,374.73114013671875,1284.9649658203125,0.3125,0.9492270946502686,525,3,24,0,4,10
0.6433067321777344,99.91432189941406,0.02703811600804329,394.85308837890625,1334.244384765625,0.30078125,0.9460540413856506,526,3,24,0,4,10
0.7583993673324585,127.7995834350586,0.016225546598434448,606.5925903320312,1213.0802001953125,0.3046875,0.9478917717933655,527,3,24,0,4,10
0.980283260345459,112.25373840332031,0.11479060351848602,522.5570068359375,1133.2490234375,0.3828125,0.9501578211784363,528,3,24,0,4,10
0.7602201104164124,108.83505249023438,0.02365473285317421,519.2294921875,1406.1207275390625,0.328125,0.949580729007721,529,3,24,0,4,10
0.5617557764053345,97.25849151611328,0.04010637849569321,381.60772705078125,983.2678833007812,0.3515625,0.9510663151741028,530,3,24,0,4,10
0.7808217406272888,101.7802505493164,0.015040015801787376,490.53985595703125,1258.524169921875,0.31640625,0.9465270042419434,531,3,24,0,4,10
0.9583911299705505,121.51861572265625,0.03469223529100418,556.5951538085938,1341.71630859375,0.33984375,0.9474867582321167,532,3,24,0,4,10
0.6296964883804321,94.99406433105469,0.012073548510670662,357.32830810546875,1199.2481689453125,0.26953125,0.947877049446106,533,3,24,0,4,10
0.5592178702354431,108.86555480957031,0.022122636437416077,423.52362060546875,1322.3865966796875,0.33984375,0.9499292373657227,534,3,24,0,4,10
0.5662826299667358,105.43077087402344,0.024477068334817886,401.5882568359375,1448.0916748046875,0.29296875,0.9480212926864624,535,3,24,0,4,10
0.5981639623641968,114.83184814453125,0.026583779603242874,373.56744384765625,1590.419189453125,0.296875,0.9498456120491028,536,3,24,0,4,10
0.6460241079330444,101.2093276977539,0.023226113989949226,536.0423583984375,1175.95556640625,0.2890625,0.9487236738204956,537,3,24,0,4,10
0.6491332054138184,113.01148986816406,0.04857053980231285,540.751953125,1160.291015625,0.34765625,0.949604332447052,538,3,24,0,4,10
0.6094217896461487,93.18101501464844,0.00635077990591526,371.82232666015625,1444.092529296875,0.26171875,0.9488667845726013,539,3,24,0,4,10
0.5977463722229004,98.01351928710938,0.008011736907064915,345.53424072265625,1629.68505859375,0.27734375,0.9489744305610657,540,3,24,0,4,10
0.7372326850891113,109.841796875,0.011775892227888107,412.7501220703125,1523.74462890625,0.3046875,0.9472634792327881,541,3,24,0,4,10
0.5318212509155273,92.7562255859375,0.01198634598404169,366.32586669921875,1017.1715698242188,0.30078125,0.9491546154022217,542,3,24,0,4,10
0.7444840669631958,117.38545989990234,0.027874700725078583,442.05194091796875,1376.560791015625,0.328125,0.9501453042030334,543,3,24,0,4,10
0.5631321668624878,85.20663452148438,0.009482739493250847,255.62197875976562,1256.2247314453125,0.3125,0.9486529231071472,544,3,24,0,4,10
0.813613772392273,125.28126525878906,0.01233488880097866,568.450927734375,1247.5767822265625,0.30859375,0.9485520124435425,545,3,24,0,4,10
0.5118182897567749,95.11763000488281,0.012427538633346558,199.9214324951172,1589.5264892578125,0.3046875,0.9492450952529907,546,3,24,0,4,10
