task,method,source,beta,seed,epoch,layer,research_only,cosA,relative_error_A,group,trace_S,d_total,tau,operator_state_bytes,condition_S,log_eigenvalue_spread_S,effective_rank_S,A_condition_raw,A_eigenvalue_min,A_eigenvalue_max
vit,dp_kfm_a,public,0.5,42,1,patch_embed,True,0.9991607662922732,0.1392733434042978,patch_head,18708.555712720576,5526346,1.686256626292087,79679064,421.797404172701,0.5550316071754596,22365.54385075011,177913.0501668289,0.0010017209385508122,178.21922759355357
vit,dp_kfm_a,public,0.5,42,1,blocks.0.attn.q_proj,True,0.9886516326513766,0.1600272341249859,attention_qkv,14452.289836934022,5526346,1.686256626292087,79679064,79.32164426808562,1.2701134714648985,11780.476195068,6291.923249392721,0.001000003570205801,6.291945712853605
vit,dp_kfm_a,public,0.5,42,1,blocks.0.attn.k_proj,True,0.9886516326513766,0.1600272341249859,attention_qkv,14452.289836934022,5526346,1.686256626292087,79679064,79.32164426808562,1.2701134714648985,11780.476195068,6291.923249392721,0.001000003570205801,6.291945712853605
vit,dp_kfm_a,public,0.5,42,1,blocks.0.attn.v_proj,True,0.9886516326513766,0.1600272341249859,attention_qkv,14452.289836934022,5526346,1.686256626292087,79679064,79.32164426808562,1.2701134714648985,11780.476195068,6291.923249392721,0.001000003570205801,6.291945712853605
vit,dp_kfm_a,public,0.5,42,1,blocks.0.attn.out_proj,True,0.9708667368223768,0.2969648171181025,attention_out,7111.155722195192,5526346,1.686256626292087,79679064,43.54535247839915,0.9469645846190343,15832.11419560899,1896.1977224680234,0.001000444362159864,1.8970403209835085
vit,dp_kfm_a,public,0.5,42,1,blocks.0.mlp.fc1,True,0.9885138744145511,0.1739466697747348,mlp_fc1,106902.49549213653,5526346,1.686256626292087,79679064,148.99368097387992,1.352374422376388,59430.152297151486,22199.116970146304,0.001,22.199116970146303
vit,dp_kfm_a,public,0.5,42,1,blocks.0.mlp.fc2,True,0.9933974372301647,0.11796328977876887,mlp_fc2,39746.24842129155,5526346,1.686256626292087,79679064,117.33501223099489,0.9143573964336071,74651.69049475876,13767.505095247721,0.0010173516493354345,14.006394015884267
vit,dp_kfm_a,public,0.5,42,1,blocks.1.attn.q_proj,True,0.9939433473116853,0.11079292202091777,attention_qkv,23449.14343829968,5526346,1.686256626292087,79679064,86.6171547800578,1.157044637261208,18368.95736304719,7502.53150219249,0.001,7.50253150219249
vit,dp_kfm_a,public,0.5,42,1,blocks.1.attn.k_proj,True,0.9939433473116853,0.11079292202091777,attention_qkv,23449.14343829968,5526346,1.686256626292087,79679064,86.6171547800578,1.157044637261208,18368.95736304719,7502.53150219249,0.001,7.50253150219249
vit,dp_kfm_a,public,0.5,42,1,blocks.1.attn.v_proj,True,0.9939433473116853,0.11079292202091777,attention_qkv,23449.14343829968,5526346,1.686256626292087,79679064,86.6171547800578,1.157044637261208,18368.95736304719,7502.53150219249,0.001,7.50253150219249
vit,dp_kfm_a,public,0.5,42,1,blocks.1.attn.out_proj,True,0.9916812507354869,0.13058808127810823,attention_out,12106.441594381806,5526346,1.686256626292087,79679064,94.41413317782639,0.9095655693784334,20477.518851133646,8914.028543720337,0.0010877882950070614,9.696575911217824
vit,dp_kfm_a,public,0.5,42,1,blocks.1.mlp.fc1,True,0.9913147799038119,0.13173138207045604,mlp_fc1,144655.2076808862,5526346,1.686256626292087,79679064,132.84397069968082,0.9548746233844645,97096.30627485439,17647.520551257654,0.001,17.647520551257653
vit,dp_kfm_a,public,0.5,42,1,blocks.1.mlp.fc2,True,0.9952361007872776,0.09767864120399854,mlp_fc2,35654.188548892525,5526346,1.686256626292087,79679064,97.49726258327424,0.7385465117748559,97514.2836369742,9505.716211231926,0.0010105445742495782,9.605949941616679
vit,dp_kfm_a,public,0.5,42,1,blocks.2.attn.q_proj,True,0.9930319966874323,0.11807872059619132,attention_qkv,32718.508191464734,5526346,1.686256626292087,79679064,107.41556566711407,0.8638013804643744,24523.342466588623,11538.103747586094,0.0010000059194918984,11.538172047297751
vit,dp_kfm_a,public,0.5,42,1,blocks.2.attn.k_proj,True,0.9930319966874323,0.11807872059619132,attention_qkv,32718.508191464734,5526346,1.686256626292087,79679064,107.41556566711407,0.8638013804643744,24523.342466588623,11538.103747586094,0.0010000059194918984,11.538172047297751
vit,dp_kfm_a,public,0.5,42,1,blocks.2.attn.v_proj,True,0.9930319966874323,0.11807872059619132,attention_qkv,32718.508191464734,5526346,1.686256626292087,79679064,107.41556566711407,0.8638013804643744,24523.342466588623,11538.103747586094,0.0010000059194918984,11.538172047297751
vit,dp_kfm_a,public,0.5,42,1,blocks.2.attn.out_proj,True,0.989884137589964,0.14210298081469236,attention_out,15005.718195592179,5526346,1.686256626292087,79679064,55.34939756242835,0.8674858786479692,22937.980958373257,3063.555810523749,0.0017775745377243861,5.445698803684611
vit,dp_kfm_a,public,0.5,42,1,blocks.2.mlp.fc1,True,0.9905497083757666,0.13715539617781253,mlp_fc1,192094.26129366673,5526346,1.686256626292087,79679064,129.90809070014373,0.714081600132827,117043.36020905,16876.112029356773,0.001,16.876112029356772
vit,dp_kfm_a,public,0.5,42,1,blocks.2.mlp.fc2,True,0.9920176330330334,0.1262646072500027,mlp_fc2,44624.20016819161,5526346,1.686256626292087,79679064,67.31475642548786,0.6600242090258516,111157.4933025979,4531.276432622759,0.0010103893446996807,4.578353425410816
vit,dp_kfm_a,public,0.5,42,1,blocks.3.attn.q_proj,True,0.9897192451784821,0.1433187405586977,attention_qkv,46886.27103597133,5526346,1.686256626292087,79679064,120.36264652555306,0.653101143451138,30170.21887198799,14487.16667863523,0.001,14.487166678635232
vit,dp_kfm_a,public,0.5,42,1,blocks.3.attn.k_proj,True,0.9897192451784821,0.1433187405586977,attention_qkv,46886.27103597133,5526346,1.686256626292087,79679064,120.36264652555306,0.653101143451138,30170.21887198799,14487.16667863523,0.001,14.487166678635232
vit,dp_kfm_a,public,0.5,42,1,blocks.3.attn.v_proj,True,0.9897192451784821,0.1433187405586977,attention_qkv,46886.27103597133,5526346,1.686256626292087,79679064,120.36264652555306,0.653101143451138,30170.21887198799,14487.16667863523,0.001,14.487166678635232
vit,dp_kfm_a,public,0.5,42,1,blocks.3.attn.out_proj,True,0.9822563912842421,0.18757561950603402,attention_out,14480.677932977533,5526346,1.686256626292087,79679064,55.067268628050066,0.676822278697653,27257.68903363301,3032.404074153827,0.0020685078731791594,6.272551702047751
vit,dp_kfm_a,public,0.5,42,1,blocks.3.mlp.fc1,True,0.9787638073697713,0.20518305940531262,mlp_fc1,200553.98948844758,5526346,1.686256626292087,79679064,126.28462731059696,0.5934799019420905,124339.64366250075,15947.807094976373,0.001,15.947807094976374
vit,dp_kfm_a,public,0.5,42,1,blocks.3.mlp.fc2,True,0.9789123280848399,0.20502690933626816,mlp_fc2,45285.27263229797,5526346,1.686256626292087,79679064,59.484618265775126,0.553156690800637,119214.53293668006,3538.419810224988,0.0012889872803970638,4.560978128085002
vit,dp_kfm_a,public,0.5,42,1,blocks.4.attn.q_proj,True,0.981708898222179,0.19054296982272334,attention_qkv,48139.86439950585,5526346,1.686256626292087,79679064,97.65686340772648,0.5703643067194968,31663.463760458813,9536.862970635346,0.001,9.536862970635346
vit,dp_kfm_a,public,0.5,42,1,blocks.4.attn.k_proj,True,0.981708898222179,0.19054296982272334,attention_qkv,48139.86439950585,5526346,1.686256626292087,79679064,97.65686340772648,0.5703643067194968,31663.463760458813,9536.862970635346,0.001,9.536862970635346
vit,dp_kfm_a,public,0.5,42,1,blocks.4.attn.v_proj,True,0.981708898222179,0.19054296982272334,attention_qkv,48139.86439950585,5526346,1.686256626292087,79679064,97.65686340772648,0.5703643067194968,31663.463760458813,9536.862970635346,0.001,9.536862970635346
vit,dp_kfm_a,public,0.5,42,1,blocks.4.attn.out_proj,True,0.964487220017665,0.2648351013984268,attention_out,13065.24724711419,5526346,1.686256626292087,79679064,29.698061864007624,0.6438227803750125,28068.17000740543,881.9748784784239,0.00318487687976516,2.808981398999619
vit,dp_kfm_a,public,0.5,42,1,blocks.4.mlp.fc1,True,0.9711686111508895,0.23863435701397398,mlp_fc1,206731.9165824908,5526346,1.686256626292087,79679064,111.60203529756949,0.5188520887701655,129752.25957755218,12455.014282559947,0.001,12.455014282559947
vit,dp_kfm_a,public,0.5,42,1,blocks.4.mlp.fc2,True,0.9703782864513476,0.24175322152155093,mlp_fc2,45020.235293883474,5526346,1.686256626292087,79679064,38.57834192929914,0.495363742968936,124051.98791516168,1488.2884660139205,0.00229017125098207,3.408435458033286
vit,dp_kfm_a,public,0.5,42,1,blocks.5.attn.q_proj,True,0.9797697627020183,0.20014011458137473,attention_qkv,52211.78359389448,5526346,1.686256626292087,79679064,102.30205708579494,0.5119712530367982,32557.862017472078,10465.710883985248,0.001,10.465710883985249
vit,dp_kfm_a,public,0.5,42,1,blocks.5.attn.k_proj,True,0.9797697627020183,0.20014011458137473,attention_qkv,52211.78359389448,5526346,1.686256626292087,79679064,102.30205708579494,0.5119712530367982,32557.862017472078,10465.710883985248,0.001,10.465710883985249
vit,dp_kfm_a,public,0.5,42,1,blocks.5.attn.v_proj,True,0.9797697627020183,0.20014011458137473,attention_qkv,52211.78359389448,5526346,1.686256626292087,79679064,102.30205708579494,0.5119712530367982,32557.862017472078,10465.710883985248,0.001,10.465710883985249
vit,dp_kfm_a,public,0.5,42,1,blocks.5.attn.out_proj,True,0.9482997525277194,0.3176422707706185,attention_out,16734.092109197816,5526346,1.686256626292087,79679064,18.026495815938183,0.5449149721215804,30407.25910846059,324.9545514020368,0.009527721737584868,3.0960765431203257
vit,dp_kfm_a,public,0.5,42,1,blocks.5.mlp.fc1,True,0.9574456152007812,0.2886189159831934,mlp_fc1,209343.15589457945,5526346,1.686256626292087,79679064,115.22061494282711,0.5076904621601864,129733.24143811612,13275.790107803234,0.001,13.275790107803234
vit,dp_kfm_a,public,0.5,42,1,blocks.5.mlp.fc2,True,0.9539209613975645,0.3001022745571506,mlp_fc2,45856.84320163378,5526346,1.686256626292087,79679064,39.67804187147616,0.49963000564590565,122891.47018205893,1574.3470067546157,0.002443926424880569,3.847588251739233
vit,dp_kfm_a,public,0.5,42,1,blocks.6.attn.q_proj,True,0.9588229100524357,0.2848551941367438,attention_qkv,49213.86516604439,5526346,1.686256626292087,79679064,105.6861778789217,0.47873516715436903,33120.11487518011,11169.568194655078,0.001,11.169568194655078
vit,dp_kfm_a,public,0.5,42,1,blocks.6.attn.k_proj,True,0.9588229100524357,0.2848551941367438,attention_qkv,49213.86516604439,5526346,1.686256626292087,79679064,105.6861778789217,0.47873516715436903,33120.11487518011,11169.568194655078,0.001,11.169568194655078
vit,dp_kfm_a,public,0.5,42,1,blocks.6.attn.v_proj,True,0.9588229100524357,0.2848551941367438,attention_qkv,49213.86516604439,5526346,1.686256626292087,79679064,105.6861778789217,0.47873516715436903,33120.11487518011,11169.568194655078,0.001,11.169568194655078
vit,dp_kfm_a,public,0.5,42,1,blocks.6.attn.out_proj,True,0.9365700390937759,0.3519885714127162,attention_out,15023.766029593595,5526346,1.686256626292087,79679064,24.694695184660475,0.6024849511224774,28968.83362203124,609.8279702632933,0.005877132226741037,3.584039616802476
vit,dp_kfm_a,public,0.5,42,1,blocks.6.mlp.fc1,True,0.945333615596697,0.3266146566032349,mlp_fc1,233651.51877540565,5526346,1.686256626292087,79679064,138.54505493680873,0.48420301665826293,131610.32545846884,19194.732247443346,0.00100000259964665,19.194782146964734
vit,dp_kfm_a,public,0.5,42,1,blocks.6.mlp.fc2,True,0.943708870316594,0.3323687889918337,mlp_fc2,46451.43472370638,5526346,1.686256626292087,79679064,36.470256276406325,0.5020634836625527,123448.89434261102,1330.0795928667549,0.00240265573595178,3.195723363073717
vit,dp_kfm_a,public,0.5,42,1,blocks.7.attn.q_proj,True,0.9500550795376683,0.3124349586269903,attention_qkv,53482.34193577875,5526346,1.686256626292087,79679064,108.23226952292354,0.44979386144856665,33635.625675087,11714.224166082764,0.001,11.714224166082765
vit,dp_kfm_a,public,0.5,42,1,blocks.7.attn.k_proj,True,0.9500550795376683,0.3124349586269903,attention_qkv,53482.34193577875,5526346,1.686256626292087,79679064,108.23226952292354,0.44979386144856665,33635.625675087,11714.224166082764,0.001,11.714224166082765
vit,dp_kfm_a,public,0.5,42,1,blocks.7.attn.v_proj,True,0.9500550795376683,0.3124349586269903,attention_qkv,53482.34193577875,5526346,1.686256626292087,79679064,108.23226952292354,0.44979386144856665,33635.625675087,11714.224166082764,0.001,11.714224166082765
vit,dp_kfm_a,public,0.5,42,1,blocks.7.attn.out_proj,True,0.9066446967554505,0.42200713295275916,attention_out,18092.80951500541,5526346,1.686256626292087,79679064,15.813958264750864,0.5170884572749698,31278.10933558228,250.08127599928216,0.011052898616040804,2.764122989390184
vit,dp_kfm_a,public,0.5,42,1,blocks.7.mlp.fc1,True,0.9405492353317998,0.339763537621522,mlp_fc1,291549.26342275244,5526346,1.686256626292087,79679064,181.70013754153294,0.5182768350054283,131274.10712961238,33014.93998261199,0.001,33.01493998261199
vit,dp_kfm_a,public,0.5,42,1,blocks.7.mlp.fc2,True,0.9999859701704173,0.019086269519542686,mlp_fc2,63630.13490277348,5526346,1.686256626292087,79679064,399.9455933245708,0.5017589388074376,84101.79044307384,159956.47761974297,0.0034149106357339505,546.2370766781999
vit,dp_kfm_a,public,0.5,42,1,blocks.8.attn.q_proj,True,0.9608512422634621,0.27708038011241837,attention_qkv,59255.87347586184,5526346,1.686256626292087,79679064,176.532507572111,0.457550222985909,33147.69553275315,31163.726229697426,0.0010000004128968556,31.163739097101995
vit,dp_kfm_a,public,0.5,42,1,blocks.8.attn.k_proj,True,0.9608512422634621,0.27708038011241837,attention_qkv,59255.87347586184,5526346,1.686256626292087,79679064,176.532507572111,0.457550222985909,33147.69553275315,31163.726229697426,0.0010000004128968556,31.163739097101995
vit,dp_kfm_a,public,0.5,42,1,blocks.8.attn.v_proj,True,0.9608512422634621,0.27708038011241837,attention_qkv,59255.87347586184,5526346,1.686256626292087,79679064,176.532507572111,0.457550222985909,33147.69553275315,31163.726229697426,0.0010000004128968556,31.163739097101995
vit,dp_kfm_a,public,0.5,42,1,blocks.8.attn.out_proj,True,0.8611011177358888,0.5085058334337808,attention_out,17151.54716493183,5526346,1.686256626292087,79679064,14.569848506058626,0.5122287641573514,31352.154991764848,212.2804854894988,0.010887617206110863,2.3112286663370347
vit,dp_kfm_a,public,0.5,42,1,blocks.8.mlp.fc1,True,0.9467340091643581,0.3220290493855287,mlp_fc1,338788.71212721395,5526346,1.686256626292087,79679064,248.59362484664183,0.5051160171102201,131582.14804746475,61798.79031439289,0.001000000101481169,61.79879658580637
vit,dp_kfm_a,public,0.5,42,1,blocks.8.mlp.fc2,True,0.869976257028274,0.49392468238227544,mlp_fc2,65339.764502761696,5526346,1.686256626292087,79679064,27.34632145098658,0.4373481860401407,130288.87922515023,747.8212969006887,0.0037162165902189003,2.779065910061353
vit,dp_kfm_a,public,0.5,42,1,blocks.9.attn.q_proj,True,0.9443007204525157,0.3306140358247768,attention_qkv,64498.09932998029,5526346,1.686256626292087,79679064,170.64337526291942,0.4373760251525753,33800.538823140785,29119.16152112154,0.001000046706000335,29.120521560689298
vit,dp_kfm_a,public,0.5,42,1,blocks.9.attn.k_proj,True,0.9443007204525157,0.3306140358247768,attention_qkv,64498.09932998029,5526346,1.686256626292087,79679064,170.64337526291942,0.4373760251525753,33800.538823140785,29119.16152112154,0.001000046706000335,29.120521560689298
vit,dp_kfm_a,public,0.5,42,1,blocks.9.attn.v_proj,True,0.9443007204525157,0.3306140358247768,attention_qkv,64498.09932998029,5526346,1.686256626292087,79679064,170.64337526291942,0.4373760251525753,33800.538823140785,29119.16152112154,0.001000046706000335,29.120521560689298
vit,dp_kfm_a,public,0.5,42,1,blocks.9.attn.out_proj,True,0.8460613374770455,0.5332018865421722,attention_out,13307.744864939905,5526346,1.686256626292087,79679064,16.70195247700303,0.5000279154612809,31435.491531408763,278.9552165440676,0.006871443635425563,1.9168250472904929
vit,dp_kfm_a,public,0.5,42,1,blocks.9.mlp.fc1,True,0.9387323827030365,0.3448072757880842,mlp_fc1,362216.52561589866,5526346,1.686256626292087,79679064,247.4735455634569,0.4737221387787153,134065.4571932675,61243.15575374838,0.001,61.24315575374838
vit,dp_kfm_a,public,0.5,42,1,blocks.9.mlp.fc2,True,0.860125008012647,0.5167857219533855,mlp_fc2,64529.55895978168,5526346,1.686256626292087,79679064,42.65536038522068,0.4517459166552106,130945.034316889,1819.479769593054,0.001534843323229903,2.7926163761117815
vit,dp_kfm_a,public,0.5,42,1,blocks.10.attn.q_proj,True,0.946893477420759,0.32202889588493544,attention_qkv,68200.29111641324,5526346,1.686256626292087,79679064,177.11204987935267,0.4152605960418795,34293.82442497227,31368.678212466304,0.001,31.368678212466303
vit,dp_kfm_a,public,0.5,42,1,blocks.10.attn.k_proj,True,0.946893477420759,0.32202889588493544,attention_qkv,68200.29111641324,5526346,1.686256626292087,79679064,177.11204987935267,0.4152605960418795,34293.82442497227,31368.678212466304,0.001,31.368678212466303
vit,dp_kfm_a,public,0.5,42,1,blocks.10.attn.v_proj,True,0.946893477420759,0.32202889588493544,attention_qkv,68200.29111641324,5526346,1.686256626292087,79679064,177.11204987935267,0.4152605960418795,34293.82442497227,31368.678212466304,0.001,31.368678212466303
vit,dp_kfm_a,public,0.5,42,1,blocks.10.attn.out_proj,True,0.952632621960264,0.3042574886205875,attention_out,9192.698906140258,5526346,1.686256626292087,79679064,27.050204068888178,0.49479893677835235,30313.57345500569,731.7135401684944,0.003390190472018934,2.4806482721264733
vit,dp_kfm_a,public,0.5,42,1,blocks.10.mlp.fc1,True,0.953680873428752,0.3010581191204313,mlp_fc1,349183.2382667143,5526346,1.686256626292087,79679064,256.7596848694858,0.4462987452519419,135490.92123632377,65925.53577427764,0.001,65.92553577427765
vit,dp_kfm_a,public,0.5,42,1,blocks.10.mlp.fc2,True,0.9165414494285142,0.40229414535103886,mlp_fc2,51864.10794381424,5526346,1.686256626292087,79679064,40.78252008180076,0.5281415447973483,128393.34822846261,1663.2139442224825,0.0014181687280442829,2.3587180037435127
vit,dp_kfm_a,public,0.5,42,1,blocks.11.attn.q_proj,True,0.9622669637948003,0.27285716491370265,attention_qkv,69045.82515111956,5526346,1.686256626292087,79679064,201.93525195897928,0.4123230758215829,34249.304182798056,40777.84598373645,0.001,40.77784598373645
vit,dp_kfm_a,public,0.5,42,1,blocks.11.attn.k_proj,True,0.9622669637948003,0.27285716491370265,attention_qkv,69045.82515111956,5526346,1.686256626292087,79679064,201.93525195897928,0.4123230758215829,34249.304182798056,40777.84598373645,0.001,40.77784598373645
vit,dp_kfm_a,public,0.5,42,1,blocks.11.attn.v_proj,True,0.9622669637948003,0.27285716491370265,attention_qkv,69045.82515111956,5526346,1.686256626292087,79679064,201.93525195897928,0.4123230758215829,34249.304182798056,40777.84598373645,0.001,40.77784598373645
vit,dp_kfm_a,public,0.5,42,1,blocks.11.attn.out_proj,True,0.930246458204987,0.3792371575591214,attention_out,12356.20099001327,5526346,1.686256626292087,79679064,24.06372381924144,0.458583604676488,31620.269175684254,579.0628040487278,0.005859282718796704,3.3928926808606725
vit,dp_kfm_a,public,0.5,42,1,blocks.11.mlp.fc1,True,0.9748983637595632,0.22269552424421704,mlp_fc1,289724.4499772063,5526346,1.686256626292087,79679064,299.73261884610235,0.4420712085107568,132356.84268324103,89839.64280034286,0.0010001225554547913,89.85065313862455
vit,dp_kfm_a,public,0.5,42,1,blocks.11.mlp.fc2,True,0.9936581568263144,0.11473755290880107,mlp_fc2,35828.938846099816,5526346,1.686256626292087,79679064,163.82715468748245,0.6718570226483385,101495.21352495131,26839.336612996303,0.0010548098086884821,28.310395518080405
vit,dp_kfm_a,public,0.5,42,1,head,True,0.9093908526188496,0.4257755005550931,patch_head,9828.415721343288,5526346,1.686256626292087,79679064,946.4473712000259,0.6185474808755691,1570.6893820934463,895762.6264514397,0.001,895.7626264514397
vit,dp_kfm_a,public,0.5,42,1,identity,True,,,identity,80292.79551752402,5526346,1.686256626292087,79679064,,,,,,
vit,dp_kfm_a,public,0.5,42,2,patch_embed,True,0.9989320850681701,0.12686410769734743,patch_head,19289.32514575157,5526346,1.7340753832679916,79679064,418.7439738079727,0.5566743804305966,22379.324367253077,175346.51560049213,0.0010017691743204123,175.65673415306628
vit,dp_kfm_a,public,0.5,42,2,blocks.0.attn.q_proj,True,0.9960808383941014,0.11153806431313995,attention_qkv,15341.007638080124,5526346,1.7340753832679916,79679064,148.46690574377007,1.273634657114755,10895.85214534415,22042.422101129505,0.001,22.042422101129507
vit,dp_kfm_a,public,0.5,42,2,blocks.0.attn.k_proj,True,0.9960808383941014,0.11153806431313995,attention_qkv,15341.007638080124,5526346,1.7340753832679916,79679064,148.46690574377007,1.273634657114755,10895.85214534415,22042.422101129505,0.001,22.042422101129507
vit,dp_kfm_a,public,0.5,42,2,blocks.0.attn.v_proj,True,0.9960808383941014,0.11153806431313995,attention_qkv,15341.007638080124,5526346,1.7340753832679916,79679064,148.46690574377007,1.273634657114755,10895.85214534415,22042.422101129505,0.001,22.042422101129507
vit,dp_kfm_a,public,0.5,42,2,blocks.0.attn.out_proj,True,0.9948169653272355,0.18163193027915703,attention_out,7601.253606980976,5526346,1.7340753832679916,79679064,94.80946803444397,0.9410422625783654,13683.875827941605,8988.835228974252,0.0010003397549247194,8.991889230010788
vit,dp_kfm_a,public,0.5,42,2,blocks.0.mlp.fc1,True,0.9914229446278066,0.14769304560929347,mlp_fc1,107405.56879531367,5526346,1.7340753832679916,79679064,186.6956138168566,1.3676107379815965,57598.3704849427,34855.25221845285,0.001,34.85525221845285
vit,dp_kfm_a,public,0.5,42,2,blocks.0.mlp.fc2,True,0.9913075508917247,0.13461047653713473,mlp_fc2,40985.35877109116,5526346,1.7340753832679916,79679064,113.25191769566783,0.87292743984804,76410.63742019799,12825.99686174632,0.00103903484375204,13.326657645208742
vit,dp_kfm_a,public,0.5,42,2,blocks.1.attn.q_proj,True,0.9942795079670492,0.11143899401753712,attention_qkv,24913.83699933341,5526346,1.7340753832679916,79679064,106.76834301227501,1.138384728318921,17868.780248027757,11399.479069586814,0.0010000000004031404,11.399479074182405
vit,dp_kfm_a,public,0.5,42,2,blocks.1.attn.k_proj,True,0.9942795079670492,0.11143899401753712,attention_qkv,24913.83699933341,5526346,1.7340753832679916,79679064,106.76834301227501,1.138384728318921,17868.780248027757,11399.479069586814,0.0010000000004031404,11.399479074182405
vit,dp_kfm_a,public,0.5,42,2,blocks.1.attn.v_proj,True,0.9942795079670492,0.11143899401753712,attention_qkv,24913.83699933341,5526346,1.7340753832679916,79679064,106.76834301227501,1.138384728318921,17868.780248027757,11399.479069586814,0.0010000000004031404,11.399479074182405
vit,dp_kfm_a,public,0.5,42,2,blocks.1.attn.out_proj,True,0.9834110451902702,0.18163661993477373,attention_out,13116.680694098015,5526346,1.7340753832679916,79679064,73.31599546926314,0.9025601884743714,20911.86055215051,5375.235191649013,0.0011741504752952132,6.311334955098245
vit,dp_kfm_a,public,0.5,42,2,blocks.1.mlp.fc1,True,0.9906484554147055,0.13972043946313367,mlp_fc1,149673.66378783272,5526346,1.7340753832679916,79679064,115.09428706076116,0.9018301345047322,98195.55912696835,13246.694914024894,0.0010000216740148533,13.246982023087218
vit,dp_kfm_a,public,0.5,42,2,blocks.1.mlp.fc2,True,0.9923329187741974,0.1253854186238189,mlp_fc2,35919.81665923365,5526346,1.7340753832679916,79679064,79.63990007522932,0.7126147331979191,100599.5964097153,6342.513683992512,0.0010359696185564364,6.570651481894701
vit,dp_kfm_a,public,0.5,42,2,blocks.2.attn.q_proj,True,0.9920331954940586,0.1281924246554673,attention_qkv,34652.46974137827,5526346,1.7340753832679916,79679064,108.96369309146107,0.8447026708175113,24554.0789570001,11873.08641213012,0.001000007842918727,11.87317953178189
vit,dp_kfm_a,public,0.5,42,2,blocks.2.attn.k_proj,True,0.9920331954940586,0.1281924246554673,attention_qkv,34652.46974137827,5526346,1.7340753832679916,79679064,108.96369309146107,0.8447026708175113,24554.0789570001,11873.08641213012,0.001000007842918727,11.87317953178189
vit,dp_kfm_a,public,0.5,42,2,blocks.2.attn.v_proj,True,0.9920331954940586,0.1281924246554673,attention_qkv,34652.46974137827,5526346,1.7340753832679916,79679064,108.96369309146107,0.8447026708175113,24554.0789570001,11873.08641213012,0.001000007842918727,11.87317953178189
vit,dp_kfm_a,public,0.5,42,2,blocks.2.attn.out_proj,True,0.9867814633489109,0.16572983633897018,attention_out,16566.42046520295,5526346,1.7340753832679916,79679064,53.934493525962424,0.8577919832166941,23179.224369001884,2908.929591902083,0.0021065573458410895,6.127827000355856
vit,dp_kfm_a,public,0.5,42,2,blocks.2.mlp.fc1,True,0.9895451960081246,0.14579558956530328,mlp_fc1,193227.51094813278,5526346,1.7340753832679916,79679064,142.86283936015263,0.6940238523313677,116449.96766953898,20409.790870044777,0.001000020095091214,20.41020100665397
vit,dp_kfm_a,public,0.5,42,2,blocks.2.mlp.fc2,True,0.9932446326896321,0.11659173918957615,mlp_fc2,42911.860960549566,5526346,1.7340753832679916,79679064,74.31052134214929,0.6305685830463637,110867.73997149899,5522.0535821420235,0.0011832175957168318,6.5337909628816035
vit,dp_kfm_a,public,0.5,42,2,blocks.3.attn.q_proj,True,0.9900444256192636,0.1423144782303035,attention_qkv,47710.7696559558,5526346,1.7340753832679916,79679064,147.06593820825367,0.6516770563689732,29606.356741559186,21628.390181073886,0.0010000175253909694,21.62876922706785
vit,dp_kfm_a,public,0.5,42,2,blocks.3.attn.k_proj,True,0.9900444256192636,0.1423144782303035,attention_qkv,47710.7696559558,5526346,1.7340753832679916,79679064,147.06593820825367,0.6516770563689732,29606.356741559186,21628.390181073886,0.0010000175253909694,21.62876922706785
vit,dp_kfm_a,public,0.5,42,2,blocks.3.attn.v_proj,True,0.9900444256192636,0.1423144782303035,attention_qkv,47710.7696559558,5526346,1.7340753832679916,79679064,147.06593820825367,0.6516770563689732,29606.356741559186,21628.390181073886,0.0010000175253909694,21.62876922706785
vit,dp_kfm_a,public,0.5,42,2,blocks.3.attn.out_proj,True,0.993535502073497,0.11477804188552018,attention_out,14665.719126631708,5526346,1.7340753832679916,79679064,79.60714360946642,0.6797907165667593,25615.903952467415,6337.29731365821,0.0021042170614192406,13.335049130685928
vit,dp_kfm_a,public,0.5,42,2,blocks.3.mlp.fc1,True,0.9894457854354514,0.14521712103980844,mlp_fc1,197813.24223848592,5526346,1.7340753832679916,79679064,195.21315952782194,0.6073124927317386,119540.26321369997,38108.17765283486,0.001,38.108177652834854
vit,dp_kfm_a,public,0.5,42,2,blocks.3.mlp.fc2,True,0.9956964867938976,0.10489995991720229,mlp_fc2,45542.73153844256,5526346,1.7340753832679916,79679064,127.9515761183258,0.6267547452572051,105426.71796300633,16371.605831163723,0.001333978733911431,21.839374018752782
vit,dp_kfm_a,public,0.5,42,2,blocks.4.attn.q_proj,True,0.989029907918177,0.14834456035861576,attention_qkv,48015.93268131784,5526346,1.7340753832679916,79679064,157.22198314787417,0.6099141207918134,30204.772452670535,24718.75198495043,0.001,24.718751984950433
vit,dp_kfm_a,public,0.5,42,2,blocks.4.attn.k_proj,True,0.989029907918177,0.14834456035861576,attention_qkv,48015.93268131784,5526346,1.7340753832679916,79679064,157.22198314787417,0.6099141207918134,30204.772452670535,24718.75198495043,0.001,24.718751984950433
vit,dp_kfm_a,public,0.5,42,2,blocks.4.attn.v_proj,True,0.989029907918177,0.14834456035861576,attention_qkv,48015.93268131784,5526346,1.7340753832679916,79679064,157.22198314787417,0.6099141207918134,30204.772452670535,24718.75198495043,0.001,24.718751984950433
vit,dp_kfm_a,public,0.5,42,2,blocks.4.attn.out_proj,True,0.9866121754492595,0.16341614642904378,attention_out,13235.836132252536,5526346,1.7340753832679916,79679064,54.695013195618515,0.6767838489461778,25252.487615718055,2991.5444684688837,0.0030973961329768644,9.26599826826385
vit,dp_kfm_a,public,0.5,42,2,blocks.4.mlp.fc1,True,0.9815483298579931,0.19219327283843093,mlp_fc1,204277.42142837463,5526346,1.7340753832679916,79679064,156.21553474641203,0.5506572343905762,125034.13357988081,24403.293296107466,0.001,24.403293296107467
vit,dp_kfm_a,public,0.5,42,2,blocks.4.mlp.fc2,True,0.9736231426292999,0.2288865369769262,mlp_fc2,44344.731122367,5526346,1.7340753832679916,79679064,62.860027619194284,0.559404921753145,116406.86066453182,3951.383072285868,0.001440355528414781,5.691396453051532
vit,dp_kfm_a,public,0.5,42,2,blocks.5.attn.q_proj,True,0.9828510425573224,0.18449733626740691,attention_qkv,51819.35559973565,5526346,1.7340753832679916,79679064,133.79536452111768,0.5486189579383435,31429.987796938552,17901.199567338754,0.001,17.901199567338754
vit,dp_kfm_a,public,0.5,42,2,blocks.5.attn.k_proj,True,0.9828510425573224,0.18449733626740691,attention_qkv,51819.35559973565,5526346,1.7340753832679916,79679064,133.79536452111768,0.5486189579383435,31429.987796938552,17901.199567338754,0.001,17.901199567338754
vit,dp_kfm_a,public,0.5,42,2,blocks.5.attn.v_proj,True,0.9828510425573224,0.18449733626740691,attention_qkv,51819.35559973565,5526346,1.7340753832679916,79679064,133.79536452111768,0.5486189579383435,31429.987796938552,17901.199567338754,0.001,17.901199567338754
vit,dp_kfm_a,public,0.5,42,2,blocks.5.attn.out_proj,True,0.9735953099161588,0.2293770926798927,attention_out,16515.004841085713,5526346,1.7340753832679916,79679064,29.270716589180353,0.5861820597237098,28803.090766105695,856.7748496441179,0.006904765596367488,5.9158295056556325
vit,dp_kfm_a,public,0.5,42,2,blocks.5.mlp.fc1,True,0.9702513432554101,0.24447563011545817,mlp_fc1,207679.74996286444,5526346,1.7340753832679916,79679064,150.0182087465978,0.5326421715900285,126219.13610079142,22505.462955537794,0.0010000081878130968,22.50564722606213
vit,dp_kfm_a,public,0.5,42,2,blocks.5.mlp.fc2,True,0.963717163295434,0.2682088805299591,mlp_fc2,45100.225692652915,5526346,1.7340753832679916,79679064,52.951048727518106,0.5398223963789168,118472.08105444879,2803.813561343997,0.0018937942207919321,5.309845918651307
vit,dp_kfm_a,public,0.5,42,2,blocks.6.attn.q_proj,True,0.9695342472392232,0.24499973498111313,attention_qkv,49110.138278840044,5526346,1.7340753832679916,79679064,126.49587468457936,0.5087802335014779,32255.197578195108,16001.206312216806,0.001,16.001206312216805
vit,dp_kfm_a,public,0.5,42,2,blocks.6.attn.k_proj,True,0.9695342472392232,0.24499973498111313,attention_qkv,49110.138278840044,5526346,1.7340753832679916,79679064,126.49587468457936,0.5087802335014779,32255.197578195108,16001.206312216806,0.001,16.001206312216805
vit,dp_kfm_a,public,0.5,42,2,blocks.6.attn.v_proj,True,0.9695342472392232,0.24499973498111313,attention_qkv,49110.138278840044,5526346,1.7340753832679916,79679064,126.49587468457936,0.5087802335014779,32255.197578195108,16001.206312216806,0.001,16.001206312216805
vit,dp_kfm_a,public,0.5,42,2,blocks.6.attn.out_proj,True,0.9569406648484841,0.30467969024846087,attention_out,14941.092520833898,5526346,1.7340753832679916,79679064,36.3098396232145,0.6347118386332676,27362.337607035028,1318.4044534635575,0.004751375897005154,6.264235142691
vit,dp_kfm_a,public,0.5,42,2,blocks.6.mlp.fc1,True,0.9593242601479924,0.2949661214113788,mlp_fc1,231771.82700172334,5526346,1.7340753832679916,79679064,167.32548923458396,0.5056417867773032,128593.92498361893,27997.81934759287,0.001,27.997819347592873
vit,dp_kfm_a,public,0.5,42,2,blocks.6.mlp.fc2,True,0.9468418407787402,0.3350437435538296,mlp_fc2,45963.09787521879,5526346,1.7340753832679916,79679064,44.28135609465747,0.5410193853998069,119382.78701681986,1960.8384975818578,0.002096350598424313,4.110604957819159
vit,dp_kfm_a,public,0.5,42,2,blocks.7.attn.q_proj,True,0.95700745367351,0.2904330570799506,attention_qkv,53218.45021678249,5526346,1.7340753832679916,79679064,124.01625457157755,0.4821812637397863,32828.983928856804,15380.03139796233,0.00100000599037687,15.380123530146674
vit,dp_kfm_a,public,0.5,42,2,blocks.7.attn.k_proj,True,0.95700745367351,0.2904330570799506,attention_qkv,53218.45021678249,5526346,1.7340753832679916,79679064,124.01625457157755,0.4821812637397863,32828.983928856804,15380.03139796233,0.00100000599037687,15.380123530146674
vit,dp_kfm_a,public,0.5,42,2,blocks.7.attn.v_proj,True,0.95700745367351,0.2904330570799506,attention_qkv,53218.45021678249,5526346,1.7340753832679916,79679064,124.01625457157755,0.4821812637397863,32828.983928856804,15380.03139796233,0.00100000599037687,15.380123530146674
vit,dp_kfm_a,public,0.5,42,2,blocks.7.attn.out_proj,True,0.9349835101481326,0.36157600039539456,attention_out,17810.18331143131,5526346,1.7340753832679916,79679064,20.987850200507772,0.5546502773576667,30020.438017266002,440.4898560389542,0.009031769297000409,3.9784027574127565
vit,dp_kfm_a,public,0.5,42,2,blocks.7.mlp.fc1,True,0.9526179955956602,0.3084305195148765,mlp_fc1,289308.57057178114,5526346,1.7340753832679916,79679064,205.3114362873391,0.5383238975199615,128315.27454696954,42152.7858703701,0.001,42.1527858703701
vit,dp_kfm_a,public,0.5,42,2,blocks.7.mlp.fc2,True,0.9999836811511273,0.017994919232379315,mlp_fc2,63510.39651222742,5526346,1.7340753832679916,79679064,481.98652134341677,0.537657506124196,78487.90506381736,232311.00675672796,0.0026251346235192635,609.8476672617041
vit,dp_kfm_a,public,0.5,42,2,blocks.8.attn.q_proj,True,0.9671274466274691,0.25569691830574204,attention_qkv,59060.995597048925,5526346,1.7340753832679916,79679064,189.78868108366527,0.4807708409975223,32492.39796591239,36019.7434674772,0.001,36.0197434674772
vit,dp_kfm_a,public,0.5,42,2,blocks.8.attn.k_proj,True,0.9671274466274691,0.25569691830574204,attention_qkv,59060.995597048925,5526346,1.7340753832679916,79679064,189.78868108366527,0.4807708409975223,32492.39796591239,36019.7434674772,0.001,36.0197434674772
vit,dp_kfm_a,public,0.5,42,2,blocks.8.attn.v_proj,True,0.9671274466274691,0.25569691830574204,attention_qkv,59060.995597048925,5526346,1.7340753832679916,79679064,189.78868108366527,0.4807708409975223,32492.39796591239,36019.7434674772,0.001,36.0197434674772
vit,dp_kfm_a,public,0.5,42,2,blocks.8.attn.out_proj,True,0.8611137140779039,0.5134366286630866,attention_out,16413.23959829594,5526346,1.7340753832679916,79679064,18.374916033254326,0.5422177711786212,30504.931737786068,337.63753922914685,0.008228853555886102,2.7783698652863986
vit,dp_kfm_a,public,0.5,42,2,blocks.8.mlp.fc1,True,0.9581079051144996,0.2878565557357558,mlp_fc1,336512.8036097128,5526346,1.7340753832679916,79679064,272.5883902652899,0.5232248938997884,128937.68669473442,74304.43050742197,0.001,74.30443050742197
vit,dp_kfm_a,public,0.5,42,2,blocks.8.mlp.fc2,True,0.8841340052063815,0.4797067090145158,mlp_fc2,64469.642063828695,5526346,1.7340753832679916,79679064,35.5547543682041,0.468503637539925,127832.41022459493,1264.1405581833285,0.0026711093323839976,3.3766576424086043
vit,dp_kfm_a,public,0.5,42,2,blocks.9.attn.q_proj,True,0.9514687685620868,0.3077623218040861,attention_qkv,64246.607490511764,5526346,1.7340753832679916,79679064,181.83675116663287,0.45437242273592643,33310.43357981575,33064.60407483596,0.001,33.06460407483596
vit,dp_kfm_a,public,0.5,42,2,blocks.9.attn.k_proj,True,0.9514687685620868,0.3077623218040861,attention_qkv,64246.607490511764,5526346,1.7340753832679916,79679064,181.83675116663287,0.45437242273592643,33310.43357981575,33064.60407483596,0.001,33.06460407483596
vit,dp_kfm_a,public,0.5,42,2,blocks.9.attn.v_proj,True,0.9514687685620868,0.3077623218040861,attention_qkv,64246.607490511764,5526346,1.7340753832679916,79679064,181.83675116663287,0.45437242273592643,33310.43357981575,33064.60407483596,0.001,33.06460407483596
vit,dp_kfm_a,public,0.5,42,2,blocks.9.attn.out_proj,True,0.8061695851383037,0.5965351620629387,attention_out,12751.884468670938,5526346,1.7340753832679916,79679064,19.964979872056205,0.5163137152243312,30874.608197306734,398.60042129160945,0.005335055366399989,2.1265553166610975
vit,dp_kfm_a,public,0.5,42,2,blocks.9.mlp.fc1,True,0.9441708433106427,0.331139980115576,mlp_fc1,359280.4849135268,5526346,1.7340753832679916,79679064,269.5501120904741,0.487900490165499,131972.91936604018,72657.26292798715,0.0010000356956215593,72.65985647414816
vit,dp_kfm_a,public,0.5,42,2,blocks.9.mlp.fc2,True,0.8396802325373284,0.543574597008843,mlp_fc2,62119.339470178485,5526346,1.7340753832679916,79679064,47.28477740407906,0.47819023901877517,129027.48802896337,2235.8501741533055,0.0013565636291728567,3.033073026536172
vit,dp_kfm_a,public,0.5,42,2,blocks.10.attn.q_proj,True,0.9484650583800882,0.31696538818490905,attention_qkv,67993.21017539375,5526346,1.7340753832679916,79679064,189.1886837060386,0.43108300832115554,33850.69555487274,35792.35804242352,0.001,35.79235804242352
vit,dp_kfm_a,public,0.5,42,2,blocks.10.attn.k_proj,True,0.9484650583800882,0.31696538818490905,attention_qkv,67993.21017539375,5526346,1.7340753832679916,79679064,189.1886837060386,0.43108300832115554,33850.69555487274,35792.35804242352,0.001,35.79235804242352
vit,dp_kfm_a,public,0.5,42,2,blocks.10.attn.v_proj,True,0.9484650583800882,0.31696538818490905,attention_qkv,67993.21017539375,5526346,1.7340753832679916,79679064,189.1886837060386,0.43108300832115554,33850.69555487274,35792.35804242352,0.001,35.79235804242352
vit,dp_kfm_a,public,0.5,42,2,blocks.10.attn.out_proj,True,0.9508810410410528,0.3095611952827965,attention_out,8974.827399691632,5526346,1.7340753832679916,79679064,28.29018422176874,0.49732825366087496,29965.524796522936,800.334523301613,0.003068836012196631,2.4560954069122136
vit,dp_kfm_a,public,0.5,42,2,blocks.10.mlp.fc1,True,0.9546258511890982,0.29906625074391313,mlp_fc1,349158.25036501745,5526346,1.7340753832679916,79679064,273.2229063445084,0.4606656101938212,133650.50221861093,74650.75655133999,0.0010000709432402151,74.65605251789425
vit,dp_kfm_a,public,0.5,42,2,blocks.10.mlp.fc2,True,0.8751822510623416,0.4860630998453992,mlp_fc2,50059.704488145144,5526346,1.7340753832679916,79679064,46.75047811589196,0.5433637262748231,126385.05094432815,2185.6072040644926,0.001240507441883636,2.71126200167649
vit,dp_kfm_a,public,0.5,42,2,blocks.11.attn.q_proj,True,0.9616531408694358,0.2742830272260404,attention_qkv,68936.29036839891,5526346,1.7340753832679916,79679064,212.04069687473873,0.4273629856935231,33826.04260190861,44961.25713112483,0.001,44.96125713112483
vit,dp_kfm_a,public,0.5,42,2,blocks.11.attn.k_proj,True,0.9616531408694358,0.2742830272260404,attention_qkv,68936.29036839891,5526346,1.7340753832679916,79679064,212.04069687473873,0.4273629856935231,33826.04260190861,44961.25713112483,0.001,44.96125713112483
vit,dp_kfm_a,public,0.5,42,2,blocks.11.attn.v_proj,True,0.9616531408694358,0.2742830272260404,attention_qkv,68936.29036839891,5526346,1.7340753832679916,79679064,212.04069687473873,0.4273629856935231,33826.04260190861,44961.25713112483,0.001,44.96125713112483
vit,dp_kfm_a,public,0.5,42,2,blocks.11.attn.out_proj,True,0.918617202324238,0.3965315914776971,attention_out,12611.777200708859,5526346,1.7340753832679916,79679064,26.27492764527896,0.4895270072939382,30948.619198224627,690.3718227646447,0.004997998678427874,3.4504774578015365
vit,dp_kfm_a,public,0.5,42,2,blocks.11.mlp.fc1,True,0.9754675773731899,0.22014792652418283,mlp_fc1,291142.65987885377,5526346,1.7340753832679916,79679064,308.17053655128234,0.4552457358312152,130658.61385922326,94969.07959830524,0.001,94.96907959830524
vit,dp_kfm_a,public,0.5,42,2,blocks.11.mlp.fc2,True,0.9953429008538598,0.09642359329127288,mlp_fc2,35357.93461422362,5526346,1.7340753832679916,79679064,160.99235022212858,0.6702310970445754,100918.4574915332,25918.536830044508,0.0010817951938527158,28.038548574436753
vit,dp_kfm_a,public,0.5,42,2,head,True,0.7946132921112405,0.6076968885597267,patch_head,10689.235440566097,5526346,1.7340753832679916,79679064,663.5866954012351,0.602542919557311,1623.1921585307614,440347.3023135316,0.001000025866795641,440.3586926872116
vit,dp_kfm_a,public,0.5,42,2,identity,True,,,identity,82569.73344968869,5526346,1.7340753832679916,79679064,,,,,,
vit,dp_kfm_a,public,0.5,42,3,patch_embed,True,0.9992661226135732,0.13395648854911846,patch_head,19338.146579589175,5526346,1.7477445998212071,79679064,420.98031720609663,0.5543639284657319,22473.830808757688,177224.42747494573,0.0010017448026654553,177.5336491283878
vit,dp_kfm_a,public,0.5,42,3,blocks.0.attn.q_proj,True,0.9977895044021673,0.09320480015130592,attention_qkv,15482.048773060178,5526346,1.7477445998212071,79679064,170.2908799783528,1.2699080944367611,10597.592539605092,28998.98380380175,0.001,28.998983803801753
vit,dp_kfm_a,public,0.5,42,3,blocks.0.attn.k_proj,True,0.9977895044021673,0.09320480015130592,attention_qkv,15482.048773060178,5526346,1.7477445998212071,79679064,170.2908799783528,1.2699080944367611,10597.592539605092,28998.98380380175,0.001,28.998983803801753
vit,dp_kfm_a,public,0.5,42,3,blocks.0.attn.v_proj,True,0.9977895044021673,0.09320480015130592,attention_qkv,15482.048773060178,5526346,1.7477445998212071,79679064,170.2908799783528,1.2699080944367611,10597.592539605092,28998.98380380175,0.001,28.998983803801753
vit,dp_kfm_a,public,0.5,42,3,blocks.0.attn.out_proj,True,0.9980065287086681,0.14232127438918682,attention_out,7967.632114363195,5526346,1.7477445998212071,79679064,118.73448606212672,0.9477244110921306,12606.481187771402,14097.878180437365,0.001000335113234091,14.102602565988231
vit,dp_kfm_a,public,0.5,42,3,blocks.0.mlp.fc1,True,0.9953857931728861,0.11876734148493809,mlp_fc1,110004.48654322566,5526346,1.7477445998212071,79679064,213.66721332416208,1.3692724214647052,56747.200152082594,45653.67804971299,0.001000000045714433,45.65368013674499
vit,dp_kfm_a,public,0.5,42,3,blocks.0.mlp.fc2,True,0.9932831436410658,0.12703727987874325,mlp_fc2,42350.972468951484,5526346,1.7477445998212071,79679064,118.93391924527945,0.864693215973687,75747.34887835295,14145.277147042656,0.001062949200872275,15.035711039565847
vit,dp_kfm_a,public,0.5,42,3,blocks.1.attn.q_proj,True,0.9949003987658925,0.1073559219421053,attention_qkv,25593.733978334058,5526346,1.7477445998212071,79679064,112.48852791267218,1.1325707665851055,17983.78702048307,12653.668911960029,0.0010000000051830406,12.653668977544509
vit,dp_kfm_a,public,0.5,42,3,blocks.1.attn.k_proj,True,0.9949003987658925,0.1073559219421053,attention_qkv,25593.733978334058,5526346,1.7477445998212071,79679064,112.48852791267218,1.1325707665851055,17983.78702048307,12653.668911960029,0.0010000000051830406,12.653668977544509
vit,dp_kfm_a,public,0.5,42,3,blocks.1.attn.v_proj,True,0.9949003987658925,0.1073559219421053,attention_qkv,25593.733978334058,5526346,1.7477445998212071,79679064,112.48852791267218,1.1325707665851055,17983.78702048307,12653.668911960029,0.0010000000051830406,12.653668977544509
vit,dp_kfm_a,public,0.5,42,3,blocks.1.attn.out_proj,True,0.9833601331208657,0.18967644351068874,attention_out,13586.868253067043,5526346,1.7477445998212071,79679064,76.45515607216626,0.8968939037429374,20827.336708577735,5845.390890019302,0.001206382173377567,7.051775366142917
vit,dp_kfm_a,public,0.5,42,3,blocks.1.mlp.fc1,True,0.9923643674620986,0.13362199358423152,mlp_fc1,152267.73087409756,5526346,1.7477445998212071,79679064,143.2104415215511,0.8891644857767398,97948.96736197794,20509.230560797612,0.0010000003403531307,20.509237541178443
vit,dp_kfm_a,public,0.5,42,3,blocks.1.mlp.fc2,True,0.9933746753330701,0.1174321716011756,mlp_fc2,36911.924739059,5526346,1.7477445998212071,79679064,80.59316159211907,0.7151940403951152,99959.02285463212,6495.2576954134165,0.0010466188321279315,6.79805902354355
vit,dp_kfm_a,public,0.5,42,3,blocks.2.attn.q_proj,True,0.9937947298657399,0.11390573188361235,attention_qkv,35218.46969077603,5526346,1.7477445998212071,79679064,123.66529673953087,0.8414335625419367,24475.342950547834,15293.105617676225,0.0010000051640129735,15.293184591472041
vit,dp_kfm_a,public,0.5,42,3,blocks.2.attn.k_proj,True,0.9937947298657399,0.11390573188361235,attention_qkv,35218.46969077603,5526346,1.7477445998212071,79679064,123.66529673953087,0.8414335625419367,24475.342950547834,15293.105617676225,0.0010000051640129735,15.293184591472041
vit,dp_kfm_a,public,0.5,42,3,blocks.2.attn.v_proj,True,0.9937947298657399,0.11390573188361235,attention_qkv,35218.46969077603,5526346,1.7477445998212071,79679064,123.66529673953087,0.8414335625419367,24475.342950547834,15293.105617676225,0.0010000051640129735,15.293184591472041
vit,dp_kfm_a,public,0.5,42,3,blocks.2.attn.out_proj,True,0.9909561256133881,0.13663849528864216,attention_out,16885.262888221256,5526346,1.7477445998212071,79679064,61.47284990344981,0.8564500853530654,23038.00489150751,3778.9112752520696,0.002033312115658264,7.683706079967654
vit,dp_kfm_a,public,0.5,42,3,blocks.2.mlp.fc1,True,0.9925877182439398,0.12306519151705263,mlp_fc1,195193.79254131461,5526346,1.7477445998212071,79679064,164.02007588762498,0.6915777498284329,115827.83553319635,26902.58529418226,0.001,26.90258529418226
vit,dp_kfm_a,public,0.5,42,3,blocks.2.mlp.fc2,True,0.9948526055141285,0.10352658160872243,mlp_fc2,43660.4690769639,5526346,1.7477445998212071,79679064,82.33064200300593,0.6320565611670862,109971.7596067127,6778.334612627124,0.0012116186443074386,8.212756594013463
vit,dp_kfm_a,public,0.5,42,3,blocks.3.attn.q_proj,True,0.9923531429752762,0.1274852374730583,attention_qkv,48506.82022986737,5526346,1.7477445998212071,79679064,169.92115427458268,0.6506994180474914,29412.941517692547,28873.198670006528,0.001,28.873198670006527
vit,dp_kfm_a,public,0.5,42,3,blocks.3.attn.k_proj,True,0.9923531429752762,0.1274852374730583,attention_qkv,48506.82022986737,5526346,1.7477445998212071,79679064,169.92115427458268,0.6506994180474914,29412.941517692547,28873.198670006528,0.001,28.873198670006527
vit,dp_kfm_a,public,0.5,42,3,blocks.3.attn.v_proj,True,0.9923531429752762,0.1274852374730583,attention_qkv,48506.82022986737,5526346,1.7477445998212071,79679064,169.92115427458268,0.6506994180474914,29412.941517692547,28873.198670006528,0.001,28.873198670006527
vit,dp_kfm_a,public,0.5,42,3,blocks.3.attn.out_proj,True,0.9941969557545071,0.10793806328044474,attention_out,14744.55323088382,5526346,1.7477445998212071,79679064,85.58690131427491,0.6755488016287571,25320.94278486073,7325.117676579433,0.0020966903382543833,15.358503459060493
vit,dp_kfm_a,public,0.5,42,3,blocks.3.mlp.fc1,True,0.9914690329418088,0.13037873302091374,mlp_fc1,199114.711732831,5526346,1.7477445998212071,79679064,211.02215328914866,0.604793921957257,118790.29942251502,44530.34917878896,0.0010000052980538212,44.530585102975586
vit,dp_kfm_a,public,0.5,42,3,blocks.3.mlp.fc2,True,0.9958984482237195,0.0969672304598327,mlp_fc2,46088.44046621153,5526346,1.7477445998212071,79679064,138.03148389374596,0.632444093994146,104331.59429378653,19052.690545909452,0.001268976918064441,24.17742452978369
vit,dp_kfm_a,public,0.5,42,3,blocks.4.attn.q_proj,True,0.9910073026992158,0.13384881451902297,attention_qkv,48692.58552445617,5526346,1.7477445998212071,79679064,177.33831432084074,0.6132253288332912,29937.786812956547,31448.877726157305,0.001,31.448877726157306
vit,dp_kfm_a,public,0.5,42,3,blocks.4.attn.k_proj,True,0.9910073026992158,0.13384881451902297,attention_qkv,48692.58552445617,5526346,1.7477445998212071,79679064,177.33831432084074,0.6132253288332912,29937.786812956547,31448.877726157305,0.001,31.448877726157306
vit,dp_kfm_a,public,0.5,42,3,blocks.4.attn.v_proj,True,0.9910073026992158,0.13384881451902297,attention_qkv,48692.58552445617,5526346,1.7477445998212071,79679064,177.33831432084074,0.6132253288332912,29937.786812956547,31448.877726157305,0.001,31.448877726157306
vit,dp_kfm_a,public,0.5,42,3,blocks.4.attn.out_proj,True,0.9895337505909608,0.14440478589253722,attention_out,13642.42629029827,5526346,1.7477445998212071,79679064,64.51756836999863,0.682151118202822,24260.65700230391,4162.516628377448,0.0031513038792208166,13.117354798327007
vit,dp_kfm_a,public,0.5,42,3,blocks.4.mlp.fc1,True,0.9857703355044719,0.16902780432730963,mlp_fc1,203948.3925157904,5526346,1.7477445998212071,79679064,181.1143209349346,0.5540186300329076,123718.16160219238,32802.39724772249,0.001,32.80239724772249
vit,dp_kfm_a,public,0.5,42,3,blocks.4.mlp.fc2,True,0.978316833736654,0.20879563917952254,mlp_fc2,44610.351623207665,5526346,1.7477445998212071,79679064,77.37447022547953,0.5964429236038963,112255.57349677221,5986.808642673618,0.0013454749541517786,8.055101084016759
vit,dp_kfm_a,public,0.5,42,3,blocks.5.attn.q_proj,True,0.9850237811507275,0.1729037232052824,attention_qkv,51993.46754595185,5526346,1.7477445998212071,79679064,151.59332199761948,0.5608606101439438,30976.069748596776,22980.53527427394,0.001,22.980535274273944
vit,dp_kfm_a,public,0.5,42,3,blocks.5.attn.k_proj,True,0.9850237811507275,0.1729037232052824,attention_qkv,51993.46754595185,5526346,1.7477445998212071,79679064,151.59332199761948,0.5608606101439438,30976.069748596776,22980.53527427394,0.001,22.980535274273944
vit,dp_kfm_a,public,0.5,42,3,blocks.5.attn.v_proj,True,0.9850237811507275,0.1729037232052824,attention_qkv,51993.46754595185,5526346,1.7477445998212071,79679064,151.59332199761948,0.5608606101439438,30976.069748596776,22980.53527427394,0.001,22.980535274273944
vit,dp_kfm_a,public,0.5,42,3,blocks.5.attn.out_proj,True,0.979321969332642,0.2023091959943961,attention_out,16894.528136857894,5526346,1.7477445998212071,79679064,37.49999411524089,0.6075690591797519,27613.810334224465,1406.2495586431014,0.0060382706804163145,8.491315479303022
vit,dp_kfm_a,public,0.5,42,3,blocks.5.mlp.fc1,True,0.9762002066906726,0.2175014851605168,mlp_fc1,205186.6770828417,5526346,1.7477445998212071,79679064,170.35703087561794,0.5443501133503288,124074.55516403296,29021.517968756245,0.0010000367771925203,29.022585298709814
vit,dp_kfm_a,public,0.5,42,3,blocks.5.mlp.fc2,True,0.9691137750240248,0.2506553716661299,mlp_fc2,44877.98048521445,5526346,1.7477445998212071,79679064,62.559945697433896,0.5714521233526814,114685.81739131102,3913.746805665878,0.0017540973677380382,6.8650929698116725
vit,dp_kfm_a,public,0.5,42,3,blocks.6.attn.q_proj,True,0.9722656651365494,0.23388163148161717,attention_qkv,49052.212086651445,5526346,1.7477445998212071,79679064,135.86861913642855,0.522654815051101,31855.31624041818,18460.281666039875,0.001,18.460281666039876
vit,dp_kfm_a,public,0.5,42,3,blocks.6.attn.k_proj,True,0.9722656651365494,0.23388163148161717,attention_qkv,49052.212086651445,5526346,1.7477445998212071,79679064,135.86861913642855,0.522654815051101,31855.31624041818,18460.281666039875,0.001,18.460281666039876
vit,dp_kfm_a,public,0.5,42,3,blocks.6.attn.v_proj,True,0.9722656651365494,0.23388163148161717,attention_qkv,49052.212086651445,5526346,1.7477445998212071,79679064,135.86861913642855,0.522654815051101,31855.31624041818,18460.281666039875,0.001,18.460281666039876
vit,dp_kfm_a,public,0.5,42,3,blocks.6.attn.out_proj,True,0.9646845258907337,0.27557443717052943,attention_out,15321.54568158899,5526346,1.7477445998212071,79679064,43.972959789869485,0.6550604051990999,26308.140785714215,1933.6211926814788,0.004477431514107516,8.657656464458213
vit,dp_kfm_a,public,0.5,42,3,blocks.6.mlp.fc1,True,0.9638635259061585,0.2812255685581644,mlp_fc1,229644.92269089827,5526346,1.7477445998212071,79679064,179.8088977164597,0.5172694285843435,126956.48689280274,32331.239698008267,0.001,32.33123969800827
vit,dp_kfm_a,public,0.5,42,3,blocks.6.mlp.fc2,True,0.9454793929151826,0.3443563622261136,mlp_fc2,46090.85549867824,5526346,1.7477445998212071,79679064,49.20464972122623,0.5639637702351601,116752.7230025868,2421.0975541885687,0.0019522748821691476,4.726647942323499
vit,dp_kfm_a,public,0.5,42,3,blocks.7.attn.q_proj,True,0.9584427725925054,0.28591800653232147,attention_qkv,52911.494432753774,5526346,1.7477445998212071,79679064,131.3332830894762,0.49382028833855596,32515.477907557237,17248.431247060496,0.001,17.2484312470605
vit,dp_kfm_a,public,0.5,42,3,blocks.7.attn.k_proj,True,0.9584427725925054,0.28591800653232147,attention_qkv,52911.494432753774,5526346,1.7477445998212071,79679064,131.3332830894762,0.49382028833855596,32515.477907557237,17248.431247060496,0.001,17.2484312470605
vit,dp_kfm_a,public,0.5,42,3,blocks.7.attn.v_proj,True,0.9584427725925054,0.28591800653232147,attention_qkv,52911.494432753774,5526346,1.7477445998212071,79679064,131.3332830894762,0.49382028833855596,32515.477907557237,17248.431247060496,0.001,17.2484312470605
vit,dp_kfm_a,public,0.5,42,3,blocks.7.attn.out_proj,True,0.9450686177288461,0.3384902205121275,attention_out,17860.902653465128,5526346,1.7477445998212071,79679064,25.91158639994186,0.576915330554735,29174.355020212664,671.410309761652,0.007879566417267423,5.290422129005031
vit,dp_kfm_a,public,0.5,42,3,blocks.7.mlp.fc1,True,0.9544969819683095,0.3030554662658231,mlp_fc1,286818.38166998106,5526346,1.7477445998212071,79679064,212.3588710444171,0.5475453053265272,126984.34720534999,45096.29011125937,0.0010000000725896652,45.09629338478397
vit,dp_kfm_a,public,0.5,42,3,blocks.7.mlp.fc2,True,0.999982772017222,0.01738773551331707,mlp_fc2,63296.58780705295,5526346,1.7477445998212071,79679064,547.0799149426074,0.5581063822409814,75440.17694077676,299296.4333336106,0.00217072890787886,649.6914198623066
vit,dp_kfm_a,public,0.5,42,3,blocks.8.attn.q_proj,True,0.967981750236326,0.2521565143176201,attention_qkv,58585.13429906433,5526346,1.7477445998212071,79679064,192.54892699642872,0.48838064087838357,32244.093519989263,37075.08928747603,0.001,37.07508928747603
vit,dp_kfm_a,public,0.5,42,3,blocks.8.attn.k_proj,True,0.967981750236326,0.2521565143176201,attention_qkv,58585.13429906433,5526346,1.7477445998212071,79679064,192.54892699642872,0.48838064087838357,32244.093519989263,37075.08928747603,0.001,37.07508928747603
vit,dp_kfm_a,public,0.5,42,3,blocks.8.attn.v_proj,True,0.967981750236326,0.2521565143176201,attention_qkv,58585.13429906433,5526346,1.7477445998212071,79679064,192.54892699642872,0.48838064087838357,32244.093519989263,37075.08928747603,0.001,37.07508928747603
vit,dp_kfm_a,public,0.5,42,3,blocks.8.attn.out_proj,True,0.8770852639791477,0.4873353879733235,attention_out,16654.600266118305,5526346,1.7477445998212071,79679064,20.61563940439768,0.5568544717768652,29902.61082417969,425.00458805215425,0.008219107600983693,3.4931584401124045
vit,dp_kfm_a,public,0.5,42,3,blocks.8.mlp.fc1,True,0.9602140221766947,0.28032349743213625,mlp_fc1,332753.23513233126,5526346,1.7477445998212071,79679064,280.51356142076855,0.5288268959658001,127742.7586907672,78687.85814096329,0.001,78.68785814096329
vit,dp_kfm_a,public,0.5,42,3,blocks.8.mlp.fc2,True,0.8828986046372322,0.4858806168365006,mlp_fc2,63599.05836548081,5526346,1.7477445998212071,79679064,39.01569518888027,0.48560494913147667,126565.75262000173,1522.224471071615,0.0023940409882159497,3.6442677770107905
vit,dp_kfm_a,public,0.5,42,3,blocks.9.attn.q_proj,True,0.9534833430060431,0.30146078290505635,attention_qkv,63714.340751875265,5526346,1.7477445998212071,79679064,186.55848233231757,0.45956734077983,33112.91482662645,34804.067330137645,0.001,34.80406733013765
vit,dp_kfm_a,public,0.5,42,3,blocks.9.attn.k_proj,True,0.9534833430060431,0.30146078290505635,attention_qkv,63714.340751875265,5526346,1.7477445998212071,79679064,186.55848233231757,0.45956734077983,33112.91482662645,34804.067330137645,0.001,34.80406733013765
vit,dp_kfm_a,public,0.5,42,3,blocks.9.attn.v_proj,True,0.9534833430060431,0.30146078290505635,attention_qkv,63714.340751875265,5526346,1.7477445998212071,79679064,186.55848233231757,0.45956734077983,33112.91482662645,34804.067330137645,0.001,34.80406733013765
vit,dp_kfm_a,public,0.5,42,3,blocks.9.attn.out_proj,True,0.8148156242822376,0.5875647078150749,attention_out,12988.845142794711,5526346,1.7477445998212071,79679064,22.309463966645765,0.5348986235503977,30298.440185304273,497.71218247906586,0.005063873483825236,2.5203515234325287
vit,dp_kfm_a,public,0.5,42,3,blocks.9.mlp.fc1,True,0.9447491468579646,0.3289100222006879,mlp_fc1,356223.2955535019,5526346,1.7477445998212071,79679064,277.3866545677551,0.4923945393736868,131074.923391188,76943.3561322911,0.001,76.9433561322911
vit,dp_kfm_a,public,0.5,42,3,blocks.9.mlp.fc2,True,0.8270683801751197,0.5653705818914736,mlp_fc2,61545.142986128754,5526346,1.7477445998212071,79679064,52.42036948716974,0.4880788041624034,127900.62826545915,2747.895137171396,0.0012256431882521576,3.3679389569053497
vit,dp_kfm_a,public,0.5,42,3,blocks.10.attn.q_proj,True,0.9472231044552456,0.32061722281162364,attention_qkv,67527.13718836421,5526346,1.7477445998212071,79679064,195.79208363543012,0.43724494509722805,33632.548926606236,38334.54001430326,0.001,38.33454001430326
vit,dp_kfm_a,public,0.5,42,3,blocks.10.attn.k_proj,True,0.9472231044552456,0.32061722281162364,attention_qkv,67527.13718836421,5526346,1.7477445998212071,79679064,195.79208363543012,0.43724494509722805,33632.548926606236,38334.54001430326,0.001,38.33454001430326
vit,dp_kfm_a,public,0.5,42,3,blocks.10.attn.v_proj,True,0.9472231044552456,0.32061722281162364,attention_qkv,67527.13718836421,5526346,1.7477445998212071,79679064,195.79208363543012,0.43724494509722805,33632.548926606236,38334.54001430326,0.001,38.33454001430326
vit,dp_kfm_a,public,0.5,42,3,blocks.10.attn.out_proj,True,0.9266662116452686,0.3766931924359833,attention_out,9303.447025205694,5526346,1.7477445998212071,79679064,28.316837488601568,0.5064617261861574,29748.71847194053,801.8432853558712,0.003155588663322847,2.530287581030534
vit,dp_kfm_a,public,0.5,42,3,blocks.10.mlp.fc1,True,0.9525736771851914,0.3050406976939356,mlp_fc1,347570.11031297775,5526346,1.7477445998212071,79679064,283.5216116168509,0.4669057130071969,132647.7680706085,80384.50425381646,0.001,80.38450425381646
vit,dp_kfm_a,public,0.5,42,3,blocks.10.mlp.fc2,True,0.846014708687909,0.5383200977800154,mlp_fc2,49187.49951549563,5526346,1.7477445998212071,79679064,47.78826257402672,0.5543327160868556,125154.37418470377,2283.7180398441224,0.0012434604245963727,2.8397130034829683
vit,dp_kfm_a,public,0.5,42,3,blocks.11.attn.q_proj,True,0.959509486078894,0.2818563492642283,attention_qkv,68626.20819358689,5526346,1.7477445998212071,79679064,216.3205381165904,0.43410112334978146,33623.05076539285,46794.57521105124,0.001,46.79457521105124
vit,dp_kfm_a,public,0.5,42,3,blocks.11.attn.k_proj,True,0.959509486078894,0.2818563492642283,attention_qkv,68626.20819358689,5526346,1.7477445998212071,79679064,216.3205381165904,0.43410112334978146,33623.05076539285,46794.57521105124,0.001,46.79457521105124
vit,dp_kfm_a,public,0.5,42,3,blocks.11.attn.v_proj,True,0.959509486078894,0.2818563492642283,attention_qkv,68626.20819358689,5526346,1.7477445998212071,79679064,216.3205381165904,0.43410112334978146,33623.05076539285,46794.57521105124,0.001,46.79457521105124
vit,dp_kfm_a,public,0.5,42,3,blocks.11.attn.out_proj,True,0.9031095492030818,0.42999539476684995,attention_out,12849.314919420422,5526346,1.7477445998212071,79679064,27.969109799457236,0.5095908315506522,30472.938550420673,782.2711029740948,0.004618845840009781,3.613189629731761
vit,dp_kfm_a,public,0.5,42,3,blocks.11.mlp.fc1,True,0.9737236980465301,0.22788092781849945,mlp_fc1,290361.3040629727,5526346,1.7477445998212071,79679064,315.8153842605576,0.46191105003179445,129589.59833340367,99739.35693564365,0.001,99.73935693564366
vit,dp_kfm_a,public,0.5,42,3,blocks.11.mlp.fc2,True,0.9948285264254901,0.10221968264402718,mlp_fc2,35135.56156913684,5526346,1.7477445998212071,79679064,167.32808552410955,0.6738900755088792,99678.73913584182,27998.688205163722,0.0010572505441146832,29.60162833940671
vit,dp_kfm_a,public,0.5,42,3,head,True,0.8155003525763903,0.5789519392302596,patch_head,10934.476554472207,5526346,1.7477445998212071,79679064,744.0796132111678,0.6185992949120426,1593.9559464369256,553654.4707964811,0.001,553.6544707964812
vit,dp_kfm_a,public,0.5,42,3,identity,True,,,identity,83220.6068650866,5526346,1.7477445998212071,79679064,,,,,,
vit,dp_kfm_a,public,0.5,42,4,patch_embed,True,0.9992296199147276,0.13372361300641641,patch_head,19292.074742076988,5526346,1.7369416534007032,79679064,420.77703933508656,0.5558949766484805,22384.672838057988,177053.316831601,0.0010017735510634757,177.3673299299596
vit,dp_kfm_a,public,0.5,42,4,blocks.0.attn.q_proj,True,0.9980999345744795,0.0873544688569306,attention_qkv,15452.097111767325,5526346,1.7369416534007032,79679064,185.847996953745,1.2683554011714235,10348.298806455143,34539.477971719214,0.0010000110965968354,34.53986124238117
vit,dp_kfm_a,public,0.5,42,4,blocks.0.attn.k_proj,True,0.9980999345744795,0.0873544688569306,attention_qkv,15452.097111767325,5526346,1.7369416534007032,79679064,185.847996953745,1.2683554011714235,10348.298806455143,34539.477971719214,0.0010000110965968354,34.53986124238117
vit,dp_kfm_a,public,0.5,42,4,blocks.0.attn.v_proj,True,0.9980999345744795,0.0873544688569306,attention_qkv,15452.097111767325,5526346,1.7369416534007032,79679064,185.847996953745,1.2683554011714235,10348.298806455143,34539.477971719214,0.0010000110965968354,34.53986124238117
vit,dp_kfm_a,public,0.5,42,4,blocks.0.attn.out_proj,True,0.9984765652801822,0.12342304814357802,attention_out,8140.890296463134,5526346,1.7369416534007032,79679064,137.00028163435528,0.9493720185636166,11743.611449574528,18769.07716789266,0.0010002699843160243,18.77414452435424
vit,dp_kfm_a,public,0.5,42,4,blocks.0.mlp.fc1,True,0.995305646317563,0.12999064706878402,mlp_fc1,109873.81595401504,5526346,1.7369416534007032,79679064,224.27740649944909,1.371539847063877,56013.43116324782,50300.35506611913,0.0010000000011685752,50.300355124898886
vit,dp_kfm_a,public,0.5,42,4,blocks.0.mlp.fc2,True,0.9932719077688987,0.14504692859549412,mlp_fc2,42662.308222659754,5526346,1.7369416534007032,79679064,129.59425629440136,0.861857178202503,74967.67871553803,16794.67126449899,0.0010677280224011885,17.932141136121572
vit,dp_kfm_a,public,0.5,42,4,blocks.1.attn.q_proj,True,0.9947090832037697,0.10898236355782882,attention_qkv,25639.379364292112,5526346,1.7369416534007032,79679064,110.38169506124372,1.1270674168698662,17925.304930764247,12184.118604593396,0.001,12.184118604593396
vit,dp_kfm_a,public,0.5,42,4,blocks.1.attn.k_proj,True,0.9947090832037697,0.10898236355782882,attention_qkv,25639.379364292112,5526346,1.7369416534007032,79679064,110.38169506124372,1.1270674168698662,17925.304930764247,12184.118604593396,0.001,12.184118604593396
vit,dp_kfm_a,public,0.5,42,4,blocks.1.attn.v_proj,True,0.9947090832037697,0.10898236355782882,attention_qkv,25639.379364292112,5526346,1.7369416534007032,79679064,110.38169506124372,1.1270674168698662,17925.304930764247,12184.118604593396,0.001,12.184118604593396
vit,dp_kfm_a,public,0.5,42,4,blocks.1.attn.out_proj,True,0.9823066038993092,0.2012673446496831,attention_out,13744.706462774928,5526346,1.7369416534007032,79679064,78.23901958720583,0.8938977524654258,20794.018240054123,6121.3441859671775,0.0012504935392778226,7.654701356247817
vit,dp_kfm_a,public,0.5,42,4,blocks.1.mlp.fc1,True,0.9927659829158381,0.13273600416485357,mlp_fc1,151067.65373533237,5526346,1.7369416534007032,79679064,151.2494074654221,0.8838485581385971,97721.64833250639,22876.383258641283,0.001,22.876383258641283
vit,dp_kfm_a,public,0.5,42,4,blocks.1.mlp.fc2,True,0.9937004720067983,0.1153416137148449,mlp_fc2,36415.11353802012,5526346,1.7369416534007032,79679064,82.6225694850045,0.714370907006606,99505.80508086504,6826.488988304398,0.0010423815941029654,7.115806473755078
vit,dp_kfm_a,public,0.5,42,4,blocks.2.attn.q_proj,True,0.9942995509930785,0.10924317962168598,attention_qkv,35040.4525933779,5526346,1.7369416534007032,79679064,128.57414280619113,0.8421139030808981,24330.63043597804,16531.31019834683,0.001,16.53131019834683
vit,dp_kfm_a,public,0.5,42,4,blocks.2.attn.k_proj,True,0.9942995509930785,0.10924317962168598,attention_qkv,35040.4525933779,5526346,1.7369416534007032,79679064,128.57414280619113,0.8421139030808981,24330.63043597804,16531.31019834683,0.001,16.53131019834683
vit,dp_kfm_a,public,0.5,42,4,blocks.2.attn.v_proj,True,0.9942995509930785,0.10924317962168598,attention_qkv,35040.4525933779,5526346,1.7369416534007032,79679064,128.57414280619113,0.8421139030808981,24330.63043597804,16531.31019834683,0.001,16.53131019834683
vit,dp_kfm_a,public,0.5,42,4,blocks.2.attn.out_proj,True,0.992305792658562,0.1269340806816754,attention_out,16910.280259904823,5526346,1.7369416534007032,79679064,67.98614002461704,0.8589870242361539,22702.585122525114,4622.115235446836,0.002003102699793957,9.258571506882337
vit,dp_kfm_a,public,0.5,42,4,blocks.2.mlp.fc1,True,0.9925257504166719,0.1231497489695231,mlp_fc1,194946.3606818422,5526346,1.7369416534007032,79679064,167.72267883973487,0.6935823655160588,115340.57038377013,28130.89699717685,0.001,28.13089699717685
vit,dp_kfm_a,public,0.5,42,4,blocks.2.mlp.fc2,True,0.9949272362556324,0.10311454077893834,mlp_fc2,43944.406342275215,5526346,1.7369416534007032,79679064,84.91041063206359,0.6376187857611599,109271.93851241915,7209.777833705658,0.0012082814414760296,8.711440753631798
vit,dp_kfm_a,public,0.5,42,4,blocks.3.attn.q_proj,True,0.9924351381487931,0.12788510677443277,attention_qkv,48560.68510735567,5526346,1.7369416534007032,79679064,175.87021962879945,0.6530311392327031,29312.226996252128,30930.334152282154,0.001,30.930334152282153
vit,dp_kfm_a,public,0.5,42,4,blocks.3.attn.k_proj,True,0.9924351381487931,0.12788510677443277,attention_qkv,48560.68510735567,5526346,1.7369416534007032,79679064,175.87021962879945,0.6530311392327031,29312.226996252128,30930.334152282154,0.001,30.930334152282153
vit,dp_kfm_a,public,0.5,42,4,blocks.3.attn.v_proj,True,0.9924351381487931,0.12788510677443277,attention_qkv,48560.68510735567,5526346,1.7369416534007032,79679064,175.87021962879945,0.6530311392327031,29312.226996252128,30930.334152282154,0.001,30.930334152282153
vit,dp_kfm_a,public,0.5,42,4,blocks.3.attn.out_proj,True,0.9933254452373552,0.11534969219134125,attention_out,14935.569419099776,5526346,1.7369416534007032,79679064,85.26020172737522,0.6802947805023856,25273.409207752433,7269.301998592717,0.0021532417781227244,15.652564761160855
vit,dp_kfm_a,public,0.5,42,4,blocks.3.mlp.fc1,True,0.9897186329314416,0.14341815549159687,mlp_fc1,199310.0561187461,5526346,1.7369416534007032,79679064,203.66226728306285,0.6044186721303274,119198.20924603532,41478.319114877726,0.001,41.47831911487773
vit,dp_kfm_a,public,0.5,42,4,blocks.3.mlp.fc2,True,0.9942851399125701,0.11022917656066014,mlp_fc2,45487.60384697967,5526346,1.7369416534007032,79679064,123.4025864358292,0.6209189593818554,107208.51239565507,15228.1983390523,0.0012178897845446046,18.54626719415091
vit,dp_kfm_a,public,0.5,42,4,blocks.4.attn.q_proj,True,0.9900671406856901,0.14066695103968024,attention_qkv,49098.440088002426,5526346,1.7369416534007032,79679064,167.45968407268816,0.6068847177939966,30195.104634046784,28042.745789724526,0.001,28.042745789724528
vit,dp_kfm_a,public,0.5,42,4,blocks.4.attn.k_proj,True,0.9900671406856901,0.14066695103968024,attention_qkv,49098.440088002426,5526346,1.7369416534007032,79679064,167.45968407268816,0.6068847177939966,30195.104634046784,28042.745789724526,0.001,28.042745789724528
vit,dp_kfm_a,public,0.5,42,4,blocks.4.attn.v_proj,True,0.9900671406856901,0.14066695103968024,attention_qkv,49098.440088002426,5526346,1.7369416534007032,79679064,167.45968407268816,0.6068847177939966,30195.104634046784,28042.745789724526,0.001,28.042745789724528
vit,dp_kfm_a,public,0.5,42,4,blocks.4.attn.out_proj,True,0.9881818746052895,0.15347321647546558,attention_out,13947.515433993223,5526346,1.7369416534007032,79679064,59.14069776183116,0.6775342066527213,24919.710605473312,3497.6221317562618,0.0032821412414224364,11.479689845549085
vit,dp_kfm_a,public,0.5,42,4,blocks.4.mlp.fc1,True,0.9847587371310633,0.1748338803937815,mlp_fc1,204792.74164850105,5526346,1.7369416534007032,79679064,173.80082109303535,0.5482230395872544,124535.50091313521,30206.725412613283,0.001,30.206725412613284
vit,dp_kfm_a,public,0.5,42,4,blocks.4.mlp.fc2,True,0.977885505619914,0.2123115114671501,mlp_fc2,44908.506351938595,5526346,1.7369416534007032,79679064,76.76620670340112,0.5867643894401031,113432.412539589,5893.050491629308,0.0012877888458106296,7.5890046909190705
vit,dp_kfm_a,public,0.5,42,4,blocks.5.attn.q_proj,True,0.984080509906527,0.17822571375359564,attention_qkv,52363.32456205561,5526346,1.7369416534007032,79679064,141.81366432644808,0.5533258468677061,31201.40782519453,20111.115389694492,0.001,20.111115389694493
vit,dp_kfm_a,public,0.5,42,4,blocks.5.attn.k_proj,True,0.984080509906527,0.17822571375359564,attention_qkv,52363.32456205561,5526346,1.7369416534007032,79679064,141.81366432644808,0.5533258468677061,31201.40782519453,20111.115389694492,0.001,20.111115389694493
vit,dp_kfm_a,public,0.5,42,4,blocks.5.attn.v_proj,True,0.984080509906527,0.17822571375359564,attention_qkv,52363.32456205561,5526346,1.7369416534007032,79679064,141.81366432644808,0.5533258468677061,31201.40782519453,20111.115389694492,0.001,20.111115389694493
vit,dp_kfm_a,public,0.5,42,4,blocks.5.attn.out_proj,True,0.9757201782826342,0.2194812987366389,attention_out,17234.561017486893,5526346,1.7369416534007032,79679064,35.125326982290694,0.6069766775751191,27639.128563085505,1233.7885956128387,0.00636330918915048,7.850978307932242
vit,dp_kfm_a,public,0.5,42,4,blocks.5.mlp.fc1,True,0.9741422308226383,0.2263047729331413,mlp_fc1,205188.4178572502,5526346,1.7369416534007032,79679064,160.02167729288416,0.5399044360467085,124564.21012587738,25606.937203627956,0.001,25.606937203627957
vit,dp_kfm_a,public,0.5,42,4,blocks.5.mlp.fc2,True,0.968449862913836,0.2530544113106193,mlp_fc2,45302.48676527598,5526346,1.7369416534007032,79679064,63.49217779706475,0.5686943884309802,114930.65931313843,4031.256641414082,0.001643339219297193,6.624722141888042
vit,dp_kfm_a,public,0.5,42,4,blocks.6.attn.q_proj,True,0.9709286595965531,0.23936949472664304,attention_qkv,49093.13033965179,5526346,1.7369416534007032,79679064,132.5056144121281,0.5180778153887797,31963.2256675952,17557.737850735568,0.001,17.557737850735567
vit,dp_kfm_a,public,0.5,42,4,blocks.6.attn.k_proj,True,0.9709286595965531,0.23936949472664304,attention_qkv,49093.13033965179,5526346,1.7369416534007032,79679064,132.5056144121281,0.5180778153887797,31963.2256675952,17557.737850735568,0.001,17.557737850735567
vit,dp_kfm_a,public,0.5,42,4,blocks.6.attn.v_proj,True,0.9709286595965531,0.23936949472664304,attention_qkv,49093.13033965179,5526346,1.7369416534007032,79679064,132.5056144121281,0.5180778153887797,31963.2256675952,17557.737850735568,0.001,17.557737850735567
vit,dp_kfm_a,public,0.5,42,4,blocks.6.attn.out_proj,True,0.9636118364706319,0.2831028025840585,attention_out,15449.513970896143,5526346,1.7369416534007032,79679064,42.5139913827173,0.6541827274627631,26401.591493245214,1807.439463289761,0.004581715698180368,8.281173762465396
vit,dp_kfm_a,public,0.5,42,4,blocks.6.mlp.fc1,True,0.9625963670905853,0.28580971998413296,mlp_fc1,230165.871728928,5526346,1.7369416534007032,79679064,178.70914105194393,0.5136140706275425,127281.32734840125,31936.95709552359,0.001,31.936957095523592
vit,dp_kfm_a,public,0.5,42,4,blocks.6.mlp.fc2,True,0.9452589373511454,0.34600107758989956,mlp_fc2,46079.12779578032,5526346,1.7369416534007032,79679064,47.40804691348017,0.5670673736541596,116459.20979047933,2247.5229121507364,0.00211817792156391,4.760653410726713
vit,dp_kfm_a,public,0.5,42,4,blocks.7.attn.q_proj,True,0.9574624599480139,0.28926728828801,attention_qkv,52770.147212682234,5526346,1.7369416534007032,79679064,132.15189661720575,0.49032310382899347,32571.178680261604,17464.123779524638,0.001,17.464123779524638
vit,dp_kfm_a,public,0.5,42,4,blocks.7.attn.k_proj,True,0.9574624599480139,0.28926728828801,attention_qkv,52770.147212682234,5526346,1.7369416534007032,79679064,132.15189661720575,0.49032310382899347,32571.178680261604,17464.123779524638,0.001,17.464123779524638
vit,dp_kfm_a,public,0.5,42,4,blocks.7.attn.v_proj,True,0.9574624599480139,0.28926728828801,attention_qkv,52770.147212682234,5526346,1.7369416534007032,79679064,132.15189661720575,0.49032310382899347,32571.178680261604,17464.123779524638,0.001,17.464123779524638
vit,dp_kfm_a,public,0.5,42,4,blocks.7.attn.out_proj,True,0.9452549192884202,0.33696394667685314,attention_out,18027.118950107524,5526346,1.7369416534007032,79679064,25.685929349228992,0.5758047154562395,29205.9664668263,659.7669665335834,0.00849838656125204,5.606954721947029
vit,dp_kfm_a,public,0.5,42,4,blocks.7.mlp.fc1,True,0.9543973962019336,0.3022977991754394,mlp_fc1,285889.67405070586,5526346,1.7369416534007032,79679064,214.25888649986203,0.5458345220281446,127082.28843207518,45906.87044416076,0.0010000004736082267,45.906892186032266
vit,dp_kfm_a,public,0.5,42,4,blocks.7.mlp.fc2,True,0.99998101759575,0.023494493176955743,mlp_fc2,63615.03192972235,5526346,1.7369416534007032,79679064,530.4096586792272,0.5558264905669221,75647.70356488338,281334.4060202143,0.0023213444820097645,653.0740710145192
vit,dp_kfm_a,public,0.5,42,4,blocks.8.attn.q_proj,True,0.9688521071178711,0.24908084861792854,attention_qkv,58392.87024568594,5526346,1.7369416534007032,79679064,195.27222641779701,0.48767402376667934,32240.80398900309,38131.24241016338,0.0010000538900765956,38.13329730573755
vit,dp_kfm_a,public,0.5,42,4,blocks.8.attn.k_proj,True,0.9688521071178711,0.24908084861792854,attention_qkv,58392.87024568594,5526346,1.7369416534007032,79679064,195.27222641779701,0.48767402376667934,32240.80398900309,38131.24241016338,0.0010000538900765956,38.13329730573755
vit,dp_kfm_a,public,0.5,42,4,blocks.8.attn.v_proj,True,0.9688521071178711,0.24908084861792854,attention_qkv,58392.87024568594,5526346,1.7369416534007032,79679064,195.27222641779701,0.48767402376667934,32240.80398900309,38131.24241016338,0.0010000538900765956,38.13329730573755
vit,dp_kfm_a,public,0.5,42,4,blocks.8.attn.out_proj,True,0.8589399463374539,0.5201354704953921,attention_out,16928.510496560433,5526346,1.7369416534007032,79679064,20.309262955807487,0.5583239601318488,29877.911883084686,412.4661618081342,0.008600884414586736,3.5475737826399922
vit,dp_kfm_a,public,0.5,42,4,blocks.8.mlp.fc1,True,0.9597078380711592,0.28188266225132713,mlp_fc1,331691.95301288547,5526346,1.7369416534007032,79679064,284.6263686131383,0.5287198931036199,127655.5405634309,81012.1697099021,0.0010000006746984892,81.0122243686906
vit,dp_kfm_a,public,0.5,42,4,blocks.8.mlp.fc2,True,0.8812881753817244,0.4908607383115141,mlp_fc2,63899.60437313702,5526346,1.7369416534007032,79679064,39.574862764111806,0.4841308250075591,126342.14199054535,1566.1697627982833,0.00263006093653173,4.11912191311293
vit,dp_kfm_a,public,0.5,42,4,blocks.9.attn.q_proj,True,0.9522666811307137,0.3052989802522451,attention_qkv,63526.95827893947,5526346,1.7369416534007032,79679064,188.9019489041987,0.4600030275600679,33086.220292058075,35683.94629980449,0.00100001361513039,35.684432141386196
vit,dp_kfm_a,public,0.5,42,4,blocks.9.attn.k_proj,True,0.9522666811307137,0.3052989802522451,attention_qkv,63526.95827893947,5526346,1.7369416534007032,79679064,188.9019489041987,0.4600030275600679,33086.220292058075,35683.94629980449,0.00100001361513039,35.684432141386196
vit,dp_kfm_a,public,0.5,42,4,blocks.9.attn.v_proj,True,0.9522666811307137,0.3052989802522451,attention_qkv,63526.95827893947,5526346,1.7369416534007032,79679064,188.9019489041987,0.4600030275600679,33086.220292058075,35683.94629980449,0.00100001361513039,35.684432141386196
vit,dp_kfm_a,public,0.5,42,4,blocks.9.attn.out_proj,True,0.8007612226561209,0.6132920990572036,attention_out,13391.090305040023,5526346,1.7369416534007032,79679064,22.01410436010655,0.5419880245218414,30214.094589232416,484.6207907776622,0.005256708660719848,2.5475103080458386
vit,dp_kfm_a,public,0.5,42,4,blocks.9.mlp.fc1,True,0.9420121968946437,0.33702920120780283,mlp_fc1,355684.9093479478,5526346,1.7369416534007032,79679064,279.15267600939825,0.4933567109979755,130949.74809392399,77926.21652320806,0.001000035728185209,77.92900068550463
vit,dp_kfm_a,public,0.5,42,4,blocks.9.mlp.fc2,True,0.8006264879485966,0.6032940998843628,mlp_fc2,62151.36595722326,5526346,1.7369416534007032,79679064,51.02177331356944,0.48342432082192854,127994.49139621275,2603.2213520612668,0.0013583995115088936,3.5362146129895464
vit,dp_kfm_a,public,0.5,42,4,blocks.10.attn.q_proj,True,0.9446803436976547,0.32812272493402883,attention_qkv,67430.66424592197,5526346,1.7369416534007032,79679064,196.7944413674036,0.43701264814847207,33630.24353526648,38728.05215310846,0.001,38.72805215310846
vit,dp_kfm_a,public,0.5,42,4,blocks.10.attn.k_proj,True,0.9446803436976547,0.32812272493402883,attention_qkv,67430.66424592197,5526346,1.7369416534007032,79679064,196.7944413674036,0.43701264814847207,33630.24353526648,38728.05215310846,0.001,38.72805215310846
vit,dp_kfm_a,public,0.5,42,4,blocks.10.attn.v_proj,True,0.9446803436976547,0.32812272493402883,attention_qkv,67430.66424592197,5526346,1.7369416534007032,79679064,196.7944413674036,0.43701264814847207,33630.24353526648,38728.05215310846,0.001,38.72805215310846
vit,dp_kfm_a,public,0.5,42,4,blocks.10.attn.out_proj,True,0.9126897395446445,0.4099848840707149,attention_out,9493.936862235005,5526346,1.7369416534007032,79679064,27.138586711857506,0.5025682908945632,29991.195051148643,736.5028887170089,0.0034053528132325637,2.508052184046376
vit,dp_kfm_a,public,0.5,42,4,blocks.10.mlp.fc1,True,0.9492680157972733,0.3152672462424387,mlp_fc1,346627.0490808268,5526346,1.7369416534007032,79679064,284.38504377996355,0.46662711555278896,132636.4021405739,80874.8531257318,0.001,80.8748531257318
vit,dp_kfm_a,public,0.5,42,4,blocks.10.mlp.fc2,True,0.839019380685944,0.5495097686445855,mlp_fc2,49804.85348491161,5526346,1.7369416534007032,79679064,46.918290084862065,0.555119502324097,125269.0100791482,2201.325944487266,0.0013052764185166367,2.8733388448080914
vit,dp_kfm_a,public,0.5,42,4,blocks.11.attn.q_proj,True,0.9570003577559,0.2906614244593403,attention_qkv,68547.12906290192,5526346,1.7369416534007032,79679064,218.64681543872967,0.43354108779990946,33617.32260526425,47806.42990149791,0.001,47.806429901497914
vit,dp_kfm_a,public,0.5,42,4,blocks.11.attn.k_proj,True,0.9570003577559,0.2906614244593403,attention_qkv,68547.12906290192,5526346,1.7369416534007032,79679064,218.64681543872967,0.43354108779990946,33617.32260526425,47806.42990149791,0.001,47.806429901497914
vit,dp_kfm_a,public,0.5,42,4,blocks.11.attn.v_proj,True,0.9570003577559,0.2906614244593403,attention_qkv,68547.12906290192,5526346,1.7369416534007032,79679064,218.64681543872967,0.43354108779990946,33617.32260526425,47806.42990149791,0.001,47.806429901497914
vit,dp_kfm_a,public,0.5,42,4,blocks.11.attn.out_proj,True,0.8947040627246101,0.44694179364809794,attention_out,12884.5458713868,5526346,1.7369416534007032,79679064,27.843571974004167,0.5069616642329527,30518.6971686737,775.2645002715503,0.0046851301900900115,3.6322151155272864
vit,dp_kfm_a,public,0.5,42,4,blocks.11.mlp.fc1,True,0.9712270476282597,0.23842617553573026,mlp_fc1,289511.74671067274,5526346,1.7369416534007032,79679064,315.45975391476327,0.4616282187721313,129637.85397301422,99514.856339963,0.001,99.51485633996299
vit,dp_kfm_a,public,0.5,42,4,blocks.11.mlp.fc2,True,0.9943207593747382,0.10845721481578154,mlp_fc2,35511.628039065254,5526346,1.7369416534007032,79679064,165.4262210102493,0.6775298639100875,100033.87469233945,27365.834597731846,0.001057479711676988,28.938814880209616
vit,dp_kfm_a,public,0.5,42,4,head,True,0.8107338208583383,0.5854814946059683,patch_head,10981.350931101535,5526346,1.7369416534007032,79679064,751.5022537839767,0.6202998086100968,1594.2621417881662,564755.6374423965,0.001,564.7556374423965
vit,dp_kfm_a,public,0.5,42,4,identity,True,,,identity,82706.21376832789,5526346,1.7369416534007032,79679064,,,,,,
vit,dp_kfm_a,public,0.5,42,5,patch_embed,True,0.9990641139805764,0.13277621898854136,patch_head,19325.361427458192,5526346,1.7412148443214106,79679064,420.22057795830574,0.5549955976951603,22351.293264077445,176585.3341396125,0.0010017413878402116,176.8928376932429
vit,dp_kfm_a,public,0.5,42,5,blocks.0.attn.q_proj,True,0.9981832236878215,0.08368403300835148,attention_qkv,15449.859743706595,5526346,1.7412148443214106,79679064,192.00432176747157,1.2651456259248357,10234.987284558909,36865.65957738676,0.001,36.86565957738676
vit,dp_kfm_a,public,0.5,42,5,blocks.0.attn.k_proj,True,0.9981832236878215,0.08368403300835148,attention_qkv,15449.859743706595,5526346,1.7412148443214106,79679064,192.00432176747157,1.2651456259248357,10234.987284558909,36865.65957738676,0.001,36.86565957738676
vit,dp_kfm_a,public,0.5,42,5,blocks.0.attn.v_proj,True,0.9981832236878215,0.08368403300835148,attention_qkv,15449.859743706595,5526346,1.7412148443214106,79679064,192.00432176747157,1.2651456259248357,10234.987284558909,36865.65957738676,0.001,36.86565957738676
vit,dp_kfm_a,public,0.5,42,5,blocks.0.attn.out_proj,True,0.9981204790878553,0.13095731243162306,attention_out,8157.8601711975125,5526346,1.7412148443214106,79679064,138.20702335325262,0.9480528028018104,11559.768468916367,19101.18130416652,0.001000240529165284,19.105775695361547
vit,dp_kfm_a,public,0.5,42,5,blocks.0.mlp.fc1,True,0.9965038106548105,0.11457797375041842,mlp_fc1,110997.34630627518,5526346,1.7412148443214106,79679064,250.6659326014617,1.3721250275586399,54684.380344970545,62833.40976696054,0.001,62.83340976696054
vit,dp_kfm_a,public,0.5,42,5,blocks.0.mlp.fc2,True,0.9947979110784488,0.12608283153660338,mlp_fc2,43448.60307866836,5526346,1.7412148443214106,79679064,149.21582320091326,0.8611993047136672,73535.4064497293,22265.361893526202,0.0010549917565332867,23.489773253900513
vit,dp_kfm_a,public,0.5,42,5,blocks.1.attn.q_proj,True,0.9950214074078981,0.10705530235035095,attention_qkv,25815.8290654559,5526346,1.7412148443214106,79679064,117.1445783740176,1.124991581134628,17780.019028997165,13722.852242426352,0.0010000000002139964,13.722852245362992
vit,dp_kfm_a,public,0.5,42,5,blocks.1.attn.k_proj,True,0.9950214074078981,0.10705530235035095,attention_qkv,25815.8290654559,5526346,1.7412148443214106,79679064,117.1445783740176,1.124991581134628,17780.019028997165,13722.852242426352,0.0010000000002139964,13.722852245362992
vit,dp_kfm_a,public,0.5,42,5,blocks.1.attn.v_proj,True,0.9950214074078981,0.10705530235035095,attention_qkv,25815.8290654559,5526346,1.7412148443214106,79679064,117.1445783740176,1.124991581134628,17780.019028997165,13722.852242426352,0.0010000000002139964,13.722852245362992
vit,dp_kfm_a,public,0.5,42,5,blocks.1.attn.out_proj,True,0.9851658106664556,0.19267836743459513,attention_out,13814.98033186303,5526346,1.7412148443214106,79679064,81.88445123490165,0.8960904200768991,20466.039787679536,6705.063354040985,0.0012398489319031727,8.31326563785082
vit,dp_kfm_a,public,0.5,42,5,blocks.1.mlp.fc1,True,0.9937445976454,0.12696058305781424,mlp_fc1,150934.76551987583,5526346,1.7412148443214106,79679064,163.35705043674307,0.8850796054137783,96711.77371530196,26685.525927392617,0.001,26.685525927392618
vit,dp_kfm_a,public,0.5,42,5,blocks.1.mlp.fc2,True,0.99353510444587,0.119893784683583,mlp_fc2,36628.39428935866,5526346,1.7412148443214106,79679064,85.07279607763493,0.716626338922639,98477.89427877699,7237.380632466858,0.0010478317716612533,7.5835573703045895
vit,dp_kfm_a,public,0.5,42,5,blocks.2.attn.q_proj,True,0.9947448835861744,0.10681041260869223,attention_qkv,35072.07804166536,5526346,1.7412148443214106,79679064,136.9330350506907,0.842164259049698,24078.55978417634,18750.65608819369,0.001,18.75065608819369
vit,dp_kfm_a,public,0.5,42,5,blocks.2.attn.k_proj,True,0.9947448835861744,0.10681041260869223,attention_qkv,35072.07804166536,5526346,1.7412148443214106,79679064,136.9330350506907,0.842164259049698,24078.55978417634,18750.65608819369,0.001,18.75065608819369
vit,dp_kfm_a,public,0.5,42,5,blocks.2.attn.v_proj,True,0.9947448835861744,0.10681041260869223,attention_qkv,35072.07804166536,5526346,1.7412148443214106,79679064,136.9330350506907,0.842164259049698,24078.55978417634,18750.65608819369,0.001,18.75065608819369
vit,dp_kfm_a,public,0.5,42,5,blocks.2.attn.out_proj,True,0.9930089324494289,0.12636352879579835,attention_out,17147.25742127645,5526346,1.7412148443214106,79679064,72.95909093103525,0.8631771866042299,22215.08390246516,5323.02894948307,0.0020251353112558206,10.779853888435142
vit,dp_kfm_a,public,0.5,42,5,blocks.2.mlp.fc1,True,0.9930113794668608,0.1207417012425442,mlp_fc1,195026.95742979576,5526346,1.7412148443214106,79679064,178.71404132502127,0.6955754921788134,114465.11369437535,31938.70856672141,0.001,31.93870856672141
vit,dp_kfm_a,public,0.5,42,5,blocks.2.mlp.fc2,True,0.9949318733463951,0.10439303125376444,mlp_fc2,44271.80780863797,5526346,1.7412148443214106,79679064,89.4420232481532,0.6452908900434741,108315.31414352001,7999.8755227231795,0.0012020297141796124,9.616088088051422
vit,dp_kfm_a,public,0.5,42,5,blocks.3.attn.q_proj,True,0.9928580959318248,0.12570502433510114,attention_qkv,48639.39413472698,5526346,1.7412148443214106,79679064,185.71084270125309,0.6564942831638024,29122.565684104222,34488.51709680956,0.0010000133949081141,34.488979067327065
vit,dp_kfm_a,public,0.5,42,5,blocks.3.attn.k_proj,True,0.9928580959318248,0.12570502433510114,attention_qkv,48639.39413472698,5526346,1.7412148443214106,79679064,185.71084270125309,0.6564942831638024,29122.565684104222,34488.51709680956,0.0010000133949081141,34.488979067327065
vit,dp_kfm_a,public,0.5,42,5,blocks.3.attn.v_proj,True,0.9928580959318248,0.12570502433510114,attention_qkv,48639.39413472698,5526346,1.7412148443214106,79679064,185.71084270125309,0.6564942831638024,29122.565684104222,34488.51709680956,0.0010000133949081141,34.488979067327065
vit,dp_kfm_a,public,0.5,42,5,blocks.3.attn.out_proj,True,0.9939115566765164,0.11021393658211075,attention_out,15098.434853145916,5526346,1.7412148443214106,79679064,87.67922692411616,0.6832041352375909,24931.00057957568,7687.646834010657,0.002290203560116012,17.606276148165794
vit,dp_kfm_a,public,0.5,42,5,blocks.3.mlp.fc1,True,0.9902033397900485,0.139862247901723,mlp_fc1,199398.8450030471,5526346,1.7412148443214106,79679064,211.42907934985706,0.6057518988977507,118682.57275562582,44702.25559472815,0.001000031358538845,44.70365739214668
vit,dp_kfm_a,public,0.5,42,5,blocks.3.mlp.fc2,True,0.9938356084118838,0.11513879952436501,mlp_fc2,45276.63653243159,5526346,1.7412148443214106,79679064,123.4389384306237,0.6236350232156469,106888.84142380838,15237.171520879307,0.001190651893083225,18.14216711656875
vit,dp_kfm_a,public,0.5,42,5,blocks.4.attn.q_proj,True,0.9908146270334858,0.13523893699984604,attention_qkv,49208.99974183428,5526346,1.7412148443214106,79679064,172.45944755782477,0.6080202222727914,30094.844804919812,29742.26105195011,0.0010000233552044967,29.742955688539173
vit,dp_kfm_a,public,0.5,42,5,blocks.4.attn.k_proj,True,0.9908146270334858,0.13523893699984604,attention_qkv,49208.99974183428,5526346,1.7412148443214106,79679064,172.45944755782477,0.6080202222727914,30094.844804919812,29742.26105195011,0.0010000233552044967,29.742955688539173
vit,dp_kfm_a,public,0.5,42,5,blocks.4.attn.v_proj,True,0.9908146270334858,0.13523893699984604,attention_qkv,49208.99974183428,5526346,1.7412148443214106,79679064,172.45944755782477,0.6080202222727914,30094.844804919812,29742.26105195011,0.0010000233552044967,29.742955688539173
vit,dp_kfm_a,public,0.5,42,5,blocks.4.attn.out_proj,True,0.989264931077322,0.14615347379867802,attention_out,14104.70819306026,5526346,1.7412148443214106,79679064,63.7343547364175,0.6820631162601554,24558.308152580616,4062.0679736675042,0.003224583867800544,13.09847885779748
vit,dp_kfm_a,public,0.5,42,5,blocks.4.mlp.fc1,True,0.9862704403911967,0.16648194458076748,mlp_fc1,204650.6479232527,5526346,1.7412148443214106,79679064,178.60612787132374,0.5492218295922014,124265.42316080886,31900.148913187644,0.0010000236882710054,31.90090457256021
vit,dp_kfm_a,public,0.5,42,5,blocks.4.mlp.fc2,True,0.982417376185762,0.18805906613398257,mlp_fc2,44601.6485258221,5526346,1.7412148443214106,79679064,77.35096172860106,0.5906130874844301,113336.12463847484,5983.171280339506,0.0012984906590746076,7.769092019164309
vit,dp_kfm_a,public,0.5,42,5,blocks.5.attn.q_proj,True,0.9862582180513694,0.16531954406907443,attention_qkv,52357.537246297616,5526346,1.7412148443214106,79679064,148.92090616494582,0.5557016876750286,31098.46633206505,22177.436292988594,0.001,22.177436292988595
vit,dp_kfm_a,public,0.5,42,5,blocks.5.attn.k_proj,True,0.9862582180513694,0.16531954406907443,attention_qkv,52357.537246297616,5526346,1.7412148443214106,79679064,148.92090616494582,0.5557016876750286,31098.46633206505,22177.436292988594,0.001,22.177436292988595
vit,dp_kfm_a,public,0.5,42,5,blocks.5.attn.v_proj,True,0.9862582180513694,0.16531954406907443,attention_qkv,52357.537246297616,5526346,1.7412148443214106,79679064,148.92090616494582,0.5557016876750286,31098.46633206505,22177.436292988594,0.001,22.177436292988595
vit,dp_kfm_a,public,0.5,42,5,blocks.5.attn.out_proj,True,0.9810857722953348,0.19373727812680827,attention_out,17221.32077600272,5526346,1.7412148443214106,79679064,37.907549685662644,0.6075788267644493,27582.21237862485,1436.9823231709822,0.006088663612672585,8.749301983144877
vit,dp_kfm_a,public,0.5,42,5,blocks.5.mlp.fc1,True,0.9759037143858128,0.21892036547361085,mlp_fc1,205791.38833799766,5526346,1.7412148443214106,79679064,166.65526451649845,0.5412245565620618,124466.23975211967,27773.977191064063,0.0010000300225989649,27.77481103804293
vit,dp_kfm_a,public,0.5,42,5,blocks.5.mlp.fc2,True,0.97405547126854,0.22765857257202038,mlp_fc2,45334.64123125224,5526346,1.7412148443214106,79679064,66.88037760906488,0.5733761482750425,114537.73196443469,4472.984909131107,0.0016091745215783904,7.197813351178409
vit,dp_kfm_a,public,0.5,42,5,blocks.6.attn.q_proj,True,0.9738533859908288,0.22736367342340583,attention_qkv,49296.964486346755,5526346,1.7412148443214106,79679064,135.88555203118653,0.5197566768754177,31940.249094558043,18464.883250820305,0.001,18.464883250820304
vit,dp_kfm_a,public,0.5,42,5,blocks.6.attn.k_proj,True,0.9738533859908288,0.22736367342340583,attention_qkv,49296.964486346755,5526346,1.7412148443214106,79679064,135.88555203118653,0.5197566768754177,31940.249094558043,18464.883250820305,0.001,18.464883250820304
vit,dp_kfm_a,public,0.5,42,5,blocks.6.attn.v_proj,True,0.9738533859908288,0.22736367342340583,attention_qkv,49296.964486346755,5526346,1.7412148443214106,79679064,135.88555203118653,0.5197566768754177,31940.249094558043,18464.883250820305,0.001,18.464883250820304
vit,dp_kfm_a,public,0.5,42,5,blocks.6.attn.out_proj,True,0.9655632545627331,0.274719080726396,attention_out,15354.40412689243,5526346,1.7412148443214106,79679064,44.54583209036933,0.656923445049591,26258.66314132157,1984.3311566233779,0.004405466026066326,8.74190349496919
vit,dp_kfm_a,public,0.5,42,5,blocks.6.mlp.fc1,True,0.9650352007107108,0.2778507078793598,mlp_fc1,230676.2583186497,5526346,1.7412148443214106,79679064,180.619790076411,0.5142899717161699,127265.5487807818,32623.508567246772,0.001,32.62350856724677
vit,dp_kfm_a,public,0.5,42,5,blocks.6.mlp.fc2,True,0.9527885637555473,0.33146747910255125,mlp_fc2,45760.67962127127,5526346,1.7412148443214106,79679064,50.22597026154617,0.5724190457179175,116161.77515249868,2522.648088713721,0.0019672308520408853,4.962631148959604
vit,dp_kfm_a,public,0.5,42,5,blocks.7.attn.q_proj,True,0.9603945354805725,0.27980186608499497,attention_qkv,52910.962044796106,5526346,1.7412148443214106,79679064,133.22289441059453,0.4895866493878261,32605.718483607623,17748.339595136422,0.001,17.74833959513642
vit,dp_kfm_a,public,0.5,42,5,blocks.7.attn.k_proj,True,0.9603945354805725,0.27980186608499497,attention_qkv,52910.962044796106,5526346,1.7412148443214106,79679064,133.22289441059453,0.4895866493878261,32605.718483607623,17748.339595136422,0.001,17.74833959513642
vit,dp_kfm_a,public,0.5,42,5,blocks.7.attn.v_proj,True,0.9603945354805725,0.27980186608499497,attention_qkv,52910.962044796106,5526346,1.7412148443214106,79679064,133.22289441059453,0.4895866493878261,32605.718483607623,17748.339595136422,0.001,17.74833959513642
vit,dp_kfm_a,public,0.5,42,5,blocks.7.attn.out_proj,True,0.9462250928690654,0.3349520581508676,attention_out,17700.745757629255,5526346,1.7412148443214106,79679064,25.890684396586103,0.5737476772784559,29253.130376227615,670.327538523627,0.008201083821531861,5.497412331313393
vit,dp_kfm_a,public,0.5,42,5,blocks.7.mlp.fc1,True,0.9562190637541732,0.2963044922562569,mlp_fc1,286707.62125081854,5526346,1.7412148443214106,79679064,214.6454208139567,0.5429008543592587,127452.32937056336,46072.65667640055,0.001,46.07265667640055
vit,dp_kfm_a,public,0.5,42,5,blocks.7.mlp.fc2,True,0.9999848494018577,0.030582886163179664,mlp_fc2,63263.131790054,5526346,1.7412148443214106,79679064,547.6886032275758,0.5553844117227128,74482.69807116057,299962.80610537285,0.002273858845742804,682.0730800565357
vit,dp_kfm_a,public,0.5,42,5,blocks.8.attn.q_proj,True,0.9714704769701654,0.23802890694448983,attention_qkv,58493.52240579,5526346,1.7412148443214106,79679064,197.96144644930922,0.4845055379033843,32293.273128611298,39188.73428030273,0.001,39.188734280302725
vit,dp_kfm_a,public,0.5,42,5,blocks.8.attn.k_proj,True,0.9714704769701654,0.23802890694448983,attention_qkv,58493.52240579,5526346,1.7412148443214106,79679064,197.96144644930922,0.4845055379033843,32293.273128611298,39188.73428030273,0.001,39.188734280302725
vit,dp_kfm_a,public,0.5,42,5,blocks.8.attn.v_proj,True,0.9714704769701654,0.23802890694448983,attention_qkv,58493.52240579,5526346,1.7412148443214106,79679064,197.96144644930922,0.4845055379033843,32293.273128611298,39188.73428030273,0.001,39.188734280302725
vit,dp_kfm_a,public,0.5,42,5,blocks.8.attn.out_proj,True,0.87106650250103,0.5019123013845136,attention_out,16493.65695405834,5526346,1.7412148443214106,79679064,20.96091825852111,0.558182854729349,29790.742754144463,439.3600942404038,0.008028221357310182,3.5272800921306238
vit,dp_kfm_a,public,0.5,42,5,blocks.8.mlp.fc1,True,0.9622059593069916,0.2728996312981846,mlp_fc1,331642.63085998234,5526346,1.7412148443214106,79679064,287.1116341227102,0.525580060804503,127879.22419380312,82433.090448613,0.001,82.433090448613
vit,dp_kfm_a,public,0.5,42,5,blocks.8.mlp.fc2,True,0.8907319214284325,0.47609766019673394,mlp_fc2,63190.13240327756,5526346,1.7412148443214106,79679064,41.07953631404633,0.4857062815996258,126357.91803289065,1687.528303777051,0.0024661336998695518,4.161670419428288
vit,dp_kfm_a,public,0.5,42,5,blocks.9.attn.q_proj,True,0.9564138948565511,0.29206499964513294,attention_qkv,63501.977628681496,5526346,1.7412148443214106,79679064,191.60561108007514,0.45892836787087943,33089.0540890501,36712.71019736901,0.0010000171872498558,36.713341187892055
vit,dp_kfm_a,public,0.5,42,5,blocks.9.attn.k_proj,True,0.9564138948565511,0.29206499964513294,attention_qkv,63501.977628681496,5526346,1.7412148443214106,79679064,191.60561108007514,0.45892836787087943,33089.0540890501,36712.71019736901,0.0010000171872498558,36.713341187892055
vit,dp_kfm_a,public,0.5,42,5,blocks.9.attn.v_proj,True,0.9564138948565511,0.29206499964513294,attention_qkv,63501.977628681496,5526346,1.7412148443214106,79679064,191.60561108007514,0.45892836787087943,33089.0540890501,36712.71019736901,0.0010000171872498558,36.713341187892055
vit,dp_kfm_a,public,0.5,42,5,blocks.9.attn.out_proj,True,0.8097210062972968,0.6079778399244388,attention_out,12985.805533954674,5526346,1.7412148443214106,79679064,22.423024333035084,0.5444839453290587,30009.510386913345,502.7920202398835,0.00496128813963857,2.49449608672105
vit,dp_kfm_a,public,0.5,42,5,blocks.9.mlp.fc1,True,0.9463684410399602,0.3248036873185718,mlp_fc1,355324.817644911,5526346,1.7412148443214106,79679064,281.41493970666465,0.4922412483233698,130972.82744463408,79194.36829010569,0.0010000658311518974,79.199581746594
vit,dp_kfm_a,public,0.5,42,5,blocks.9.mlp.fc2,True,0.8144244042411009,0.590929115966161,mlp_fc2,61150.56826777412,5526346,1.7412148443214106,79679064,46.86775511039235,0.4820133932879468,128169.70263459726,2196.5864690877083,0.001565516366050783,3.4387920668025096
vit,dp_kfm_a,public,0.5,42,5,blocks.10.attn.q_proj,True,0.9486281622488041,0.3165892572914424,attention_qkv,67353.8660248424,5526346,1.7412148443214106,79679064,199.0908802884196,0.4366785039847616,33612.59564029022,39637.17861401783,0.001,39.637178614017834
vit,dp_kfm_a,public,0.5,42,5,blocks.10.attn.k_proj,True,0.9486281622488041,0.3165892572914424,attention_qkv,67353.8660248424,5526346,1.7412148443214106,79679064,199.0908802884196,0.4366785039847616,33612.59564029022,39637.17861401783,0.001,39.637178614017834
vit,dp_kfm_a,public,0.5,42,5,blocks.10.attn.v_proj,True,0.9486281622488041,0.3165892572914424,attention_qkv,67353.8660248424,5526346,1.7412148443214106,79679064,199.0908802884196,0.4366785039847616,33612.59564029022,39637.17861401783,0.001,39.637178614017834
vit,dp_kfm_a,public,0.5,42,5,blocks.10.attn.out_proj,True,0.9081966619478888,0.4199631964635723,attention_out,9252.403511923427,5526346,1.7412148443214106,79679064,27.423389291288643,0.5027363737406302,29816.283379818335,752.0422802215646,0.0033160631780759483,2.4938197137990046
vit,dp_kfm_a,public,0.5,42,5,blocks.10.mlp.fc1,True,0.9522543099550004,0.30593848198449136,mlp_fc1,346525.8293593982,5526346,1.7412148443214106,79679064,288.087784066738,0.4666010449032938,132507.47359156318,82994.57132848346,0.001,82.99457132848346
vit,dp_kfm_a,public,0.5,42,5,blocks.10.mlp.fc2,True,0.8422650371745823,0.5450418771063694,mlp_fc2,49201.04607010924,5526346,1.7412148443214106,79679064,46.05827048570939,0.5529441199307183,125233.3005730616,2121.364280134769,0.0013497931153049723,2.8634029003798
vit,dp_kfm_a,public,0.5,42,5,blocks.11.attn.q_proj,True,0.9592981401479944,0.2830401912610681,attention_qkv,68404.06318030482,5526346,1.7412148443214106,79679064,220.31432260928466,0.4340946539224767,33591.89386292023,48538.40074678796,0.001,48.53840074678796
vit,dp_kfm_a,public,0.5,42,5,blocks.11.attn.k_proj,True,0.9592981401479944,0.2830401912610681,attention_qkv,68404.06318030482,5526346,1.7412148443214106,79679064,220.31432260928466,0.4340946539224767,33591.89386292023,48538.40074678796,0.001,48.53840074678796
vit,dp_kfm_a,public,0.5,42,5,blocks.11.attn.v_proj,True,0.9592981401479944,0.2830401912610681,attention_qkv,68404.06318030482,5526346,1.7412148443214106,79679064,220.31432260928466,0.4340946539224767,33591.89386292023,48538.40074678796,0.001,48.53840074678796
vit,dp_kfm_a,public,0.5,42,5,blocks.11.attn.out_proj,True,0.8997824716365869,0.43636377468936904,attention_out,12627.37841909016,5526346,1.7412148443214106,79679064,28.57763230565532,0.5138689339206289,30280.25532170383,816.6810681972347,0.004471569344060466,3.651846028425309
vit,dp_kfm_a,public,0.5,42,5,blocks.11.mlp.fc1,True,0.972421262183805,0.23390279856255977,mlp_fc1,288890.7177878938,5526346,1.7412148443214106,79679064,320.08916116089097,0.46192334621280867,129398.12869573146,102457.07109268285,0.0010000521859232683,102.46241790953319
vit,dp_kfm_a,public,0.5,42,5,blocks.11.mlp.fc2,True,0.9941479045943766,0.10978202637912789,mlp_fc2,34966.1074330299,5526346,1.7412148443214106,79679064,168.76307238390118,0.6707981437504782,99951.43049554576,28480.97460045387,0.0010335265589024073,29.43584367299395
vit,dp_kfm_a,public,0.5,42,5,head,True,0.8079038592372499,0.5894295993462993,patch_head,10975.612468309795,5526346,1.7412148443214106,79679064,771.7945003071286,0.6261967933415371,1582.888230744893,595666.7507043303,0.0010001600941071192,595.7621134409248
vit,dp_kfm_a,public,0.5,42,5,identity,True,,,identity,82909.68602720828,5526346,1.7412148443214106,79679064,,,,,,
