method,seed,epoch,tau,preconditioner_batches,synthetic_samples,noise_multiplier,test_accuracy,test_loss,train_loss,epsilon_spent,clip_fraction,mean_clip_factor,precond_build_seconds,private_train_seconds,total_epoch_seconds,operator_dof,log_scale_rmse,log_scale_pearson,log_scale_spearman,correlation_defined,gain_geomean,log10_gain_range,gain_min,gain_p1,gain_p10,gain_median,gain_p90,gain_p99,gain_max
DP-SGD,42,1,1.0,10,2560,1.068115234375,0.8409,0.7062509513854981,0.773717657661438,0.7863366347932901,0.589,0.4915739836374919,0.001163668930530548,8.789336379151791,8.790500048082322,0,0.0,,,False,1.0,0.0,1.0,1.0,1.0,1.0,1.0,1.0,1.0
DP-SGD,42,2,1.0,10,2560,1.068115234375,0.8995,0.5548491369247437,0.5640660446802775,0.8389556633778256,0.31338333333333335,0.7315211181640625,0.0010678309481590986,8.46663720603101,8.467705036979169,0,0.0,,,False,1.0,0.0,1.0,1.0,1.0,1.0,1.0,1.0,1.0
DP-SGD,42,3,1.0,10,2560,1.068115234375,0.8986,0.566367319393158,0.5396576257705689,0.891574691962361,0.2646,0.7727094167073568,0.001053243177011609,8.24441599380225,8.245469236979261,0,0.0,,,False,1.0,0.0,1.0,1.0,1.0,1.0,1.0,1.0,1.0
DP-SGD,42,4,1.0,10,2560,1.068115234375,0.9133,0.535441432851553,0.5141261725107829,0.9441937205468965,0.2358,0.7973944245656331,0.000999924959614873,8.134394129971042,8.135394054930657,0,0.0,,,False,1.0,0.0,1.0,1.0,1.0,1.0,1.0,1.0,1.0
DP-SGD,42,5,1.0,10,2560,1.068115234375,0.921,0.5282137103796005,0.5010027067184448,0.9968127491314319,0.20836666666666667,0.8195503079732259,0.000882954802364111,8.12291907100007,8.123802025802433,0,0.0,,,False,1.0,0.0,1.0,1.0,1.0,1.0,1.0,1.0,1.0
Full-Fisher Equil,42,1,1.0,10,2560,1.068115234375,0.8617,0.6013698871612548,0.765117387676239,0.7863366347932901,0.6214,0.4705230189641317,0.25637892284430563,8.117773053934798,8.374151976779103,206921,0.0,0.9999999999999999,1.0,True,1.000000000495229,1.3085416293185477,0.07746227085590363,0.34930381205596556,0.5302730798713776,1.1145936846731166,1.5762745141983032,1.5762745141983032,1.5762745141983032
Full-Fisher Equil,42,2,1.0,10,2560,1.068115234375,0.907,0.47399465906620025,0.49483422966003415,0.8389556633778256,0.29605,0.7535457874298096,0.1916416920721531,8.033545397920534,8.225187089992687,206921,0.0,1.0,0.9999999999999999,True,1.0000000002163048,1.0539779702842245,0.12830255925655362,0.4731200566858629,0.6750047028050685,1.0273016691205397,1.4353919267650925,1.4528249502182007,1.4528249502182007
Full-Fisher Equil,42,3,1.0,10,2560,1.068115234375,0.9132,0.44771103960871694,0.4505750785191854,0.891574691962361,0.24663333333333334,0.7938301761627198,0.18869102303870022,8.04886173689738,8.23755275993608,206921,0.0,1.0,0.9999999999999999,True,0.9999999995186549,1.0350076548450056,0.13425253331661227,0.49029070008191106,0.673503327369143,1.0289976000769239,1.4251621365541685,1.4552249908447266,1.4552249908447266
Full-Fisher Equil,42,4,1.0,10,2560,1.068115234375,0.9236,0.4179276324033737,0.40936691484451293,0.9441937205468965,0.21555,0.8193801961263021,0.18820220814086497,8.660048472927883,8.848250681068748,206921,0.0,0.9999999999999998,1.0,True,1.000000000251776,0.9576395963871556,0.16135597229003906,0.4751197108739733,0.6743434548377223,1.0349248647672242,1.4123748183248033,1.4636075496673584,1.4636075496673584
Full-Fisher Equil,42,5,1.0,10,2560,1.068115234375,0.9315,0.40708446736484766,0.3901487940152486,0.9968127491314319,0.19076666666666667,0.8388331447601318,0.18883872381411493,8.162391264922917,8.351229988737032,206921,0.0,1.0,0.9999999999999999,True,0.9999999998968679,1.0008450736653032,0.14603953063488007,0.4841687717568457,0.6787695467455851,1.0346643924685666,1.4185532808270491,1.4632397890090942,1.4632397890090942
Module-Elementwise Equil,42,1,1.0,10,2560,1.068115234375,0.8436,0.7137636920928955,0.7596236652056376,0.7863366347932901,0.5936666666666667,0.48955558029810586,0.4407974099740386,8.018416255014017,8.459213664988056,206921,0.0,1.0,1.0,True,1.0000000030450578,1.0550439761215944,0.1386072337627411,0.3501317244371811,0.531485050916604,1.1125354170769732,1.573366403579712,1.573366403579712,1.573366403579712
Module-Elementwise Equil,42,2,1.0,10,2560,1.068115234375,0.9065,0.5052064938545227,0.5259727731068929,0.8389556633778256,0.2885333333333333,0.7564275939941406,0.3284976379945874,8.04973647906445,8.378234117059037,206921,0.0,1.0,1.0,True,0.9999999996230269,0.9056767548732289,0.18211561441421512,0.4589788720009744,0.6469371855243519,1.0363555550574417,1.4518096566198666,1.4656286239624023,1.4656286239624023
Module-Elementwise Equil,42,3,1.0,10,2560,1.068115234375,0.9125,0.4912240382060409,0.482097345161438,0.891574691962361,0.24131666666666668,0.7956159798940022,0.2887227269820869,8.231812012149021,8.520534739131108,206921,0.0,1.0,1.0,True,1.0000000000442104,0.9289500298035998,0.1730479598045349,0.47578190318840824,0.6511934697595553,1.0389632582616464,1.4415964603421516,1.4693204164505005,1.4693204164505005
Module-Elementwise Equil,42,4,1.0,10,2560,1.068115234375,0.9216,0.4746363454580307,0.44308909441630046,0.9441937205468965,0.20993333333333333,0.8207967627207439,0.292959620943293,8.495378547115251,8.788338168058544,206921,0.0,1.0,1.0,True,0.9999999999251685,1.0426627531555626,0.1333078145980835,0.48428594410207637,0.6633934497812854,1.0399263501150882,1.4253310680389333,1.469963788986206,1.470680594444275
Module-Elementwise Equil,42,5,1.0,10,2560,1.068115234375,0.9327,0.4511718420740217,0.4304054070790609,0.9968127491314319,0.18703333333333333,0.839591864267985,0.3443689208943397,8.108122088946402,8.452491009840742,206921,0.0,1.0,1.0,True,0.9999999993451104,0.9384963772421584,0.16997234523296356,0.47016554388006326,0.6624619960778879,1.043179631232391,1.4341908097264364,1.4752806425094604,1.4752806425094604
Factorized Equil,42,1,1.0,10,2560,1.068115234375,0.8397,0.7369448694229126,0.7550435263951619,0.7863366347932901,0.5892666666666667,0.49344111480712893,0.3093079070094973,8.218773199943826,8.528081106953323,2034,0.15594654585156004,0.9296632505569998,0.9454976144136819,True,1.0000000000007814,1.2297341623463716,0.14585937559604645,0.4370371692463435,0.5957004785512986,1.0043452978133873,1.7050539255142212,2.3841564624785994,2.475531816482544
Factorized Equil,42,2,1.0,10,2560,1.068115234375,0.9036,0.5318287840843201,0.5292463260014851,0.8389556633778256,0.28996666666666665,0.7550492483774821,0.32683013286441565,8.188470986904576,8.515301119768992,2034,0.0978638713134419,0.94879000956685,0.9656268476909193,True,0.9999999989982544,0.9863532138559212,0.2240808308124542,0.5298081898666487,0.685025131700697,0.9953542649551053,1.4719754695872245,2.013747813690482,2.171490430831909
Factorized Equil,42,3,1.0,10,2560,1.068115234375,0.9074,0.5139134914934635,0.48878992913564046,0.891574691962361,0.24371666666666666,0.7933518355051676,0.33149885293096304,8.220042694825679,8.551541547756642,2034,0.09677340651680193,0.9488098649116622,0.9670051622027666,True,0.9999999983362127,1.0642939134730935,0.1868099421262741,0.538082730769892,0.6908537328242864,0.9932568669319135,1.4640445112827274,1.95061663623771,2.1661767959594727
Factorized Equil,42,4,1.0,10,2560,1.068115234375,0.9154,0.5113529155254364,0.45552364117304484,0.9441937205468965,0.21138333333333334,0.8195795644124348,0.334303017007187,8.019483524840325,8.353786541847512,2034,0.09413075963943131,0.950760533792634,0.9711472433546618,True,1.0000000018541673,1.1388800353785153,0.15652297437191012,0.5492139017079513,0.6939803361892469,0.9967746734576353,1.4588387608378108,1.9566414927849822,2.1550538539886475
Factorized Equil,42,5,1.0,10,2560,1.068115234375,0.9316,0.45692205697447064,0.4437162845929464,0.9968127491314319,0.18856666666666666,0.83860562693278,0.33540379791520536,8.120608316967264,8.45601211488247,2034,0.09311501953314139,0.9521503097584241,0.9718948898553269,True,0.9999999996694653,1.1051420356159642,0.17134635150432587,0.5349573802327684,0.6953479886025112,0.9988775849325257,1.4628451943386152,1.9121543987510963,2.182814836502075
Layer-Scalar Equil,42,1,1.0,10,2560,1.068115234375,0.8375,0.7355522233963012,0.7692934958775838,0.7863366347932901,0.5766333333333333,0.5034613164901733,0.3109509111382067,8.161849057069048,8.472799968207255,3,0.4228404268293411,0.04636700768427599,0.013663327735332718,True,1.0000000098680133,0.22230618676750785,0.8145674467086792,0.9999798536300659,0.9999798536300659,0.9999798536300659,0.9999798536300659,1.0484517812728882,1.3590431213378906
Layer-Scalar Equil,42,2,1.0,10,2560,1.068115234375,0.9023,0.5514977637290954,0.5602376797993978,0.8389556633778256,0.3023166666666667,0.741607760365804,0.32948425505310297,8.105903835967183,8.435388091020286,3,0.34980482925402057,0.18021628230807932,0.13893089759907054,True,0.9999999949468503,0.3900060823614137,0.5318909883499146,0.9977587461471558,0.9977587461471558,0.9977587461471558,0.9977587461471558,1.305655837059021,1.305655837059021
Layer-Scalar Equil,42,3,1.0,10,2560,1.068115234375,0.8992,0.56592329941988,0.5324450543721517,0.891574691962361,0.25426666666666664,0.7815628162384033,0.3287354130297899,8.103386488044634,8.432121901074424,3,0.36096249804439523,0.1836132708691861,0.11174650097010164,True,1.0000000293365874,0.4175543990133331,0.47460487484931946,0.999622642993927,0.999622642993927,0.999622642993927,0.999622642993927,1.2413281202316284,1.2413281202316284
Layer-Scalar Equil,42,4,1.0,10,2560,1.068115234375,0.9142,0.5313392114341259,0.5095925587654114,0.9441937205468965,0.22806666666666667,0.8041820770263672,0.29592220694758,8.07974955206737,8.37567175901495,3,0.36557316660768563,0.17787876902632438,0.07025307270040893,True,1.000000017051187,0.44063527947033454,0.44867751002311707,1.0022097826004028,1.0022097826004028,1.0022097826004028,1.0022097826004028,1.127415657043457,1.2375694513320923
Layer-Scalar Equil,42,5,1.0,10,2560,1.068115234375,0.9222,0.5243564441680908,0.4985161851247152,0.9968127491314319,0.2019,0.8251239437103272,0.3008775340858847,8.090820159995928,8.391697694081813,3,0.37205562060227954,0.19025390099355402,0.06362834084697246,True,1.000000056130314,0.48143782852655087,0.4115118682384491,1.0031607151031494,1.0031607151031494,1.0031607151031494,1.0031607151031494,1.108116865158081,1.2468671798706055
DP-SGD,7,1,1.0,10,2560,1.068115234375,0.8867,0.50647990026474,0.7199972355206807,0.7863366347932901,0.5688166666666666,0.5101404199282328,0.0005092241335660219,8.011919769924134,8.0124289940577,0,0.0,,,False,1.0,0.0,1.0,1.0,1.0,1.0,1.0,1.0,1.0
DP-SGD,7,2,1.0,10,2560,1.068115234375,0.861,0.7457056797981262,0.5120545001347859,0.8389556633778256,0.2963166666666667,0.7488088841756185,0.0007866709493100643,7.998392146080732,7.999178817030042,0,0.0,,,False,1.0,0.0,1.0,1.0,1.0,1.0,1.0,1.0,1.0
DP-SGD,7,3,1.0,10,2560,1.068115234375,0.9106,0.5517869406819343,0.5136038040796915,0.891574691962361,0.24386666666666668,0.7912834595998128,0.0005422690883278847,8.058858920820057,8.059401189908385,0,0.0,,,False,1.0,0.0,1.0,1.0,1.0,1.0,1.0,1.0,1.0
DP-SGD,7,4,1.0,10,2560,1.068115234375,0.9174,0.5104276297621428,0.5072775025049845,0.9441937205468965,0.2093,0.8187049741109212,0.0006023659370839596,8.084927099989727,8.085529465926811,0,0.0,,,False,1.0,0.0,1.0,1.0,1.0,1.0,1.0,1.0,1.0
DP-SGD,7,5,1.0,10,2560,1.068115234375,0.9214,0.4986188274383545,0.48565123259226484,0.9968127491314319,0.19498333333333334,0.830975116856893,0.0005583621095865965,8.265176521847025,8.265734883956611,0,0.0,,,False,1.0,0.0,1.0,1.0,1.0,1.0,1.0,1.0,1.0
Full-Fisher Equil,7,1,1.0,10,2560,1.068115234375,0.8864,0.5095006236314773,0.7135880461057027,0.7863366347932901,0.5922833333333334,0.4918196086883545,0.13047160091809928,8.166269654873759,8.296741255791858,206921,0.0,1.0,1.0,True,0.999999998886465,1.2165923130435243,0.0976374000310898,0.36784171476371774,0.5037878990171512,1.136823594569596,1.607712984085083,1.607712984085083,1.607712984085083
Full-Fisher Equil,7,2,1.0,10,2560,1.068115234375,0.8655,0.6247432132720947,0.46310533021291095,0.8389556633778256,0.2752833333333333,0.772400707880656,0.1919815680012107,8.22429104312323,8.416272611124441,206921,0.0,1.0,1.0,True,0.9999999999955888,1.029683258773091,0.1402200162410736,0.4094455942509354,0.6328950881952663,1.0616405010206256,1.4548606753337872,1.50133216381073,1.5013891458511353
Full-Fisher Equil,7,3,1.0,10,2560,1.068115234375,0.9183,0.453365655952692,0.4450117993036906,0.891574691962361,0.22538333333333332,0.810614693959554,0.18687701900489628,8.148230355000123,8.33510737400502,206921,0.0,1.0,1.0,True,0.9999999998024358,0.9879637356514142,0.1524610072374344,0.4415294835024489,0.6491965532297183,1.048593282699036,1.4382806897163387,1.4818531846998977,1.4829363822937012
Full-Fisher Equil,7,4,1.0,10,2560,1.068115234375,0.9229,0.431921754508093,0.4250400500615438,0.9441937205468965,0.1929,0.8369698270161947,0.18205272313207388,8.22505478397943,8.407107507111505,206921,0.0,0.9999999999999998,1.0,True,1.000000000096853,1.0961670876182301,0.1195523291826248,0.4315704501306627,0.631818175314617,1.0548954606042051,1.4512281656258896,1.4905615985393326,1.4918498992919922
Full-Fisher Equil,7,5,1.0,10,2560,1.068115234375,0.9325,0.3860237014912069,0.3999124165852865,0.9968127491314319,0.18173333333333333,0.8458972343444824,0.19684353400953114,8.309023082023486,8.505866616033018,206921,0.0,0.9999999999999998,1.0,True,0.9999999999972033,1.0785916669123072,0.1243342310190201,0.4356246131190636,0.6458242654678416,1.0535753965290404,1.4323945879918498,1.4868277311325073,1.4899866580963135
Module-Elementwise Equil,7,1,1.0,10,2560,1.068115234375,0.8849,0.5404416057109833,0.715935997581482,0.7863366347932901,0.56585,0.5107583044052124,0.3090124879963696,8.28292559995316,8.59193808794953,206921,0.0,0.9999999999999999,0.9999999999999999,True,0.9999999954176217,1.033492281379256,0.14951954782009125,0.36947873999670583,0.49726491868417166,1.1420199274938374,1.6150659322738647,1.6150659322738647,1.6150659322738647
Module-Elementwise Equil,7,2,1.0,10,2560,1.068115234375,0.86,0.6956197699546814,0.492108357556661,0.8389556633778256,0.26781666666666665,0.7748351174672444,0.3307118059601635,8.065469715045765,8.396181521005929,206921,0.0,1.0,1.0,True,1.0000000000026508,1.013649718837019,0.14599604904651642,0.40691311197770474,0.6165313482269569,1.065309286117527,1.4764182686805374,1.5057475066184967,1.5065752267837524
Module-Elementwise Equil,7,3,1.0,10,2560,1.068115234375,0.9169,0.48978571462631226,0.46905061531066894,0.891574691962361,0.22065,0.8133527402242025,0.32767477189190686,8.024933940032497,8.352608711924404,206921,0.0,0.9999999999999998,1.0,True,0.9999999999991072,0.932385771214606,0.17547793686389926,0.43019739568041065,0.623889237641513,1.061912894194764,1.4664210081084763,1.5003222107886482,1.5017868280410767
Module-Elementwise Equil,7,4,1.0,10,2560,1.068115234375,0.9203,0.46881969389878214,0.4483133743286133,0.9441937205468965,0.18691666666666668,0.8396432051340739,0.3314799868967384,8.151445165043697,8.482925151940435,206921,0.0,1.0,1.0,True,0.9999999997635503,1.107756619256103,0.1170782521367073,0.4247690535929889,0.6198159337042927,1.0610042214377526,1.4612571239456713,1.5001324617858545,1.5004891157150269
Module-Elementwise Equil,7,5,1.0,10,2560,1.068115234375,0.93,0.4204439070105553,0.4338236036618551,0.9968127491314319,0.17888333333333334,0.8467037256876627,0.3429634540807456,8.095798612106591,8.438762066187337,206921,0.0,1.0,1.0,True,0.9999999999768423,0.9936206185533981,0.1508229374885559,0.44787610162848573,0.6464708089814949,1.0509240031161897,1.4326128005981158,1.4837127053736299,1.486236810684204
Factorized Equil,7,1,1.0,10,2560,1.068115234375,0.8862,0.5413610805988311,0.7133088240305583,0.7863366347932901,0.5606833333333333,0.5159519196987152,0.2985223480500281,8.378414797829464,8.676937145879492,2034,0.18142180341347672,0.9236090481035972,0.942777259287272,True,0.999999999765868,1.1885780389378289,0.1700037121772766,0.4581425073649466,0.5687826573846968,1.0180464386916115,1.8250047921179586,2.6093015670776367,2.624438762664795
Factorized Equil,7,2,1.0,10,2560,1.068115234375,0.8626,0.6900090475082398,0.4979319606781006,0.8389556633778256,0.2690166666666667,0.7736921140034994,0.33602885506115854,8.218729257816449,8.554758112877607,2034,0.10308098182759674,0.9517452057962867,0.9645636398275756,True,1.000000002827554,1.1675970380956806,0.15331986546516418,0.48044836619831993,0.661230427022849,1.003595173357627,1.5085487723186006,1.9722023772158994,2.255254030227661
Factorized Equil,7,3,1.0,10,2560,1.068115234375,0.9159,0.493517660844326,0.47722218278249107,0.891574691962361,0.22111666666666666,0.8121527150472005,0.33407980599440634,8.289995942963287,8.624075748957694,2034,0.10058236162317902,0.9512414588886935,0.966829911668962,True,1.0000000015725232,1.0791944298746226,0.18652623891830442,0.5020587354421686,0.6705652177268925,1.0017666220660988,1.4954501271219807,1.9787649789728647,2.2383828163146973
Factorized Equil,7,4,1.0,10,2560,1.068115234375,0.9189,0.4766224975641817,0.4546999326705933,0.9441937205468965,0.18821666666666667,0.8385914451599121,0.33441573311574757,8.274423096096143,8.60883882921189,2034,0.10647691215684141,0.948407018414456,0.9656356275419414,True,0.99999999810743,1.2387125448300793,0.12853455543518064,0.49585678033236186,0.6653248548502154,1.0022363662675418,1.515564131735432,2.019367432369906,2.227062702178955
Factorized Equil,7,5,1.0,10,2560,1.068115234375,0.9293,0.42685902322456243,0.43972550293604534,0.9968127491314319,0.17901666666666666,0.8458493721008301,0.3398396398406476,8.164630654035136,8.504470293875784,2034,0.09313381685222652,0.9538938470135407,0.9697070988312422,True,1.0000000034904857,1.111714475772639,0.1650703400373459,0.5123028367455643,0.6861553251731571,1.0014025568937812,1.4649842977488445,1.9161781787751742,2.1349294185638428
Layer-Scalar Equil,7,1,1.0,10,2560,1.068115234375,0.8866,0.5177019963741303,0.7185017252604167,0.7863366347932901,0.5509833333333334,0.524195791387558,0.2880351070780307,8.155987833859399,8.44402294093743,3,0.4712758299896105,0.09173133039391759,0.05393989188923992,True,0.999999996642981,0.21008630478487136,0.9206926822662354,0.9939031600952148,0.9939031600952148,0.9939031600952148,0.9939031600952148,1.3149996995925903,1.493485450744629
Layer-Scalar Equil,7,2,1.0,10,2560,1.068115234375,0.8607,0.7555862085342407,0.510928432782491,0.8389556633778256,0.2853,0.7577293599446615,0.33602932607755065,8.343363368883729,8.67939269496128,3,0.34077345438005013,0.1936117355690166,0.15895008697806065,True,0.9999999737799913,0.4067892214151151,0.521750271320343,0.997386634349823,0.997386634349823,0.997386634349823,0.997386634349823,1.3312263488769531,1.3312263488769531
Layer-Scalar Equil,7,3,1.0,10,2560,1.068115234375,0.9114,0.5595063216686249,0.5058464180628459,0.891574691962361,0.23676666666666665,0.7973747510274252,0.33417636109516025,8.256476372014731,8.590652733109891,3,0.32976909693076656,0.19763795136410114,0.15799675179735975,True,0.9999999736675536,0.4052367057555814,0.5168399810791016,0.9977820515632629,0.9977820515632629,0.9977820515632629,0.9977820515632629,1.3139922618865967,1.3139922618865967
Layer-Scalar Equil,7,4,1.0,10,2560,1.068115234375,0.9155,0.5236825023368001,0.5020782682418823,0.9441937205468965,0.20221666666666666,0.8246525629679362,0.336410041898489,8.239208550890908,8.575618592789397,3,0.3314878318023072,0.1974764686068777,0.13746609899213133,True,1.000000001059368,0.4126287093793958,0.48641467094421387,0.9991478323936462,0.9991478323936462,0.9991478323936462,0.9991478323936462,1.2578688859939575,1.2578688859939575
Layer-Scalar Equil,7,5,1.0,10,2560,1.068115234375,0.9241,0.501803212928772,0.49133875986735026,0.9968127491314319,0.18941666666666668,0.8357557675679524,0.3413556730374694,8.174578756093979,8.515934429131448,3,0.31191608509060753,0.20504098840589846,0.1268530680679582,True,0.9999999882550641,0.41869958868451895,0.4793860912322998,1.0000180006027222,1.0000180006027222,1.0000180006027222,1.0000180006027222,1.2162120342254639,1.2571439743041992
