epoch,source,family,cos_A,rel_frob_A,cos_P,rel_frob_P,trace_ratio,effective_rank,effective_rank_ref,top16_overlap,top32_overlap,operator_gain_p10,operator_gain_p50,operator_gain_p90,operator_gain_p99,operator_gain_min,operator_gain_max,ref_operator_gain_p10,ref_operator_gain_p50,ref_operator_gain_p90,ref_operator_gain_p99,ref_operator_gain_min,ref_operator_gain_max,layer_count
0,pink,attention_out,0.20497986024006165,3.1442358884633372,0.9089975240615423,1.2418129849862487,1.430898182161303,6.742342749279495,47.0141588067392,0.23801030381467425,0.37134378915673577,5.1310015402175,9.428189248805383,13.161408932751486,14.309469414026688,0.39256900669916606,14.914016670329476,2.209538561366828,5.4819476556648965,8.293839407528711,9.621552037760132,0.6190537034894396,10.04627959784589,12
0,pink,attention_qkv,0.2843838041980715,2.7372784573052447,0.8989062112479643,0.5703033776811774,1.270405729454423,32.281303732474456,86.80388450232816,0.29743913016104107,0.39286518227410794,0.8798159027574142,1.89695470069331,4.343020537561175,6.4959180505303085,0.2042887057609904,15.848801849726337,0.831349615798259,2.7697139025131956,4.10698768104028,5.334673150772436,0.35085978651052985,15.848930098844912,36
0,pink,head,0.013021659804890373,2.44977306707815,0.6670239571421982,2.2170353026728558,0.8456253603158301,1.353672666369283,35.22988505232184,0.11200879433762023,0.20149600397665296,0.9558231089706274,2.672986193113527,5.110354778277702,8.598742667125117,0.04290678919728206,15.84881922840029,0.29207687129942667,0.5205147518546149,0.7758603276853085,1.810922182355205,0.06038977801793536,15.848931924611136,1
0,pink,mlp_fc1,0.2407290044640653,2.9536963095837137,0.8985331684718659,0.5518161392969837,1.2752538207712347,27.974538658725848,83.49694424714531,0.25195352042890806,0.34887368550932707,0.7766534809549789,1.6100782903588733,3.687353384821309,5.8241563170775565,0.15688787746253127,15.848842509142415,0.6948142707486361,1.746720318982957,3.0839334167075854,4.746030558265583,0.2693569345926547,15.848891272519559,12
0,pink,mlp_fc2,0.2723470504353896,3.1749531042670487,0.8654907231366273,0.9374082746151146,1.623158306191468,46.793832436989305,193.58482419212575,0.16229964452459608,0.21523717417933427,2.69699521293443,7.015663469469963,13.112004430314592,15.261991551631942,0.2819217604269565,15.748222209378925,2.498862542235241,5.085347370856335,8.398393524617024,11.667132964148614,0.4947082713596053,13.717234840610606,12
0,pink,patch_embed,0.6228253874929222,0.8472811240654196,0.9678343939819598,0.795188795646979,1.0078742783412935,79.70113560456522,2.2235497691240083,0.6208611537595916,0.7607147208868369,1.7109950337290294,3.293138707871153,4.279793977274999,4.89298188496523,0.27076229205988656,5.025664334957471,15.52412510657364,15.819755039189985,15.829771518827087,15.832416307064262,0.13245802508161458,15.833143908874126,1
0,private_replica,attention_out,0.9972657498072567,0.07035204293102587,0.9978239082191928,0.059295870699108584,1.003109883678013,47.038665719095825,47.0141588067392,0.9652154876932156,0.9634740434840622,2.202167776906215,5.474518302179319,8.285234892104006,9.575605924229384,0.6178851262913957,10.013568186007365,2.209538561366828,5.4819476556648965,8.293839407528711,9.621552037760132,0.6190537034894396,10.04627959784589,12
0,private_replica,attention_qkv,0.9986946269835388,0.050196360042511476,0.9998010795091992,0.019048409979829897,1.0024605210139554,86.52633665872989,86.80388450232816,0.9883206297822044,0.9862566777734408,0.8295918911070161,2.768076217647065,4.10176225852854,5.333245772235682,0.3484301879233988,15.84891785924912,0.831349615798259,2.7697139025131956,4.10698768104028,5.334673150772436,0.35085978651052985,15.848930098844912,36
0,private_replica,head,0.9968383409283741,0.07971684790071447,0.9978828035967636,0.0650378541622622,0.9950714522386152,35.698703226178424,35.22988505232184,0.8989157685552184,0.8666578690456688,0.2928490419519477,0.5195375715762586,0.777878918112478,1.7931585657394296,0.060622414064814584,15.848914084877629,0.29207687129942667,0.5205147518546149,0.7758603276853085,1.810922182355205,0.06038977801793536,15.848931924611136,1
0,private_replica,mlp_fc1,0.9985837073954867,0.052444032124685125,0.9997938026576847,0.01987759441481332,1.0020845632506765,83.33471604124414,83.49694424714531,0.9872303665544706,0.9897293311075405,0.6936128016299201,1.7468599956378537,3.080038769509091,4.745902399676012,0.2685569681414874,15.848898156032412,0.6948142707486361,1.746720318982957,3.0839334167075854,4.746030558265583,0.2693569345926547,15.848891272519559,12
0,private_replica,mlp_fc2,0.9982511146560009,0.05104297770028507,0.9992016791893366,0.03803371434476393,1.001674626341582,193.53534036026747,193.58482419212575,0.9742872543550668,0.983135405982741,2.4966424879382734,5.077062341907953,8.394084367901678,11.715962314002399,0.49420900946780244,13.685971629928886,2.498862542235241,5.085347370856335,8.398393524617024,11.667132964148614,0.4947082713596053,13.717234840610606,12
0,private_replica,patch_embed,0.9999737236492289,0.035251061320377405,0.9999975343602732,0.0022338793498513755,1.0331473023994173,2.2198313752544836,2.2235497691240083,0.9998390489496356,0.9993067770337645,15.517761719580292,15.819278623049025,15.82935025469618,15.83213462682586,0.13066280753818763,15.832721755525156,15.52412510657364,15.819755039189985,15.829771518827087,15.832416307064262,0.13245802508161458,15.833143908874126,1
0,white,attention_out,0.2053391807955451,3.3930880809612955,0.8956269242270488,1.4377789495989617,1.2232367248665865,4.339028819467609,47.0141588067392,0.19519003463322337,0.3200218327036843,6.433933227423043,10.590941351185963,14.307857838709365,15.03538816372904,0.3817332012726991,15.404342341571727,2.209538561366828,5.4819476556648965,8.293839407528711,9.621552037760132,0.6190537034894396,10.04627959784589,12
0,white,attention_qkv,0.20526691319624565,3.568497513666623,0.8747688305775991,0.6973466756589688,1.3413365676638107,24.460687579925537,86.80388450232816,0.262637893936532,0.3189444134634849,0.9422760244299376,2.0538747830713935,4.554791891161859,6.890528159111794,0.1810027447894594,15.848863967374857,0.831349615798259,2.7697139025131956,4.10698768104028,5.334673150772436,0.35085978651052985,15.848930098844912,36
0,white,head,0.011287750977640634,2.427998035955908,0.622737957367523,2.804611264669352,0.8237621607820665,1.2220824024999806,35.22988505232184,0.11471000191533763,0.1985132153032449,1.2150096067748672,3.3748313159162238,6.353084412771015,9.539504350060866,0.04310327438305579,15.848931924611136,0.29207687129942667,0.5205147518546149,0.7758603276853085,1.810922182355205,0.06038977801793536,15.848931924611136,1
0,white,mlp_fc1,0.16746176323581774,3.767516022689835,0.8736295481756203,0.6691861557759654,1.4066633445495462,21.46340554139917,83.49694424714531,0.1910119289074463,0.2694873362575643,0.8190648868379052,1.7529090696876433,3.894358645507598,6.262685115381007,0.14169658777426122,15.848907226521545,0.6948142707486361,1.746720318982957,3.0839334167075854,4.746030558265583,0.2693569345926547,15.848891272519559,12
0,white,mlp_fc2,0.2147031423984591,5.023155271142933,0.8504898937522408,1.0474488413240877,2.0450653429600014,28.072402015468032,193.58482419212575,0.12302737414785697,0.17078432074541816,2.800071167645333,7.717610461239839,14.23224235257654,15.615331770726229,0.2362672959009858,15.820223709709763,2.498862542235241,5.085347370856335,8.398393524617024,11.667132964148614,0.4947082713596053,13.717234840610606,12
0,white,patch_embed,0.043930226762447816,0.9990347395518007,0.9860627182428127,0.8887538911998238,1.0078818846092286,765.888427374038,2.2235497691240083,0.08082747805774482,0.0697589441989033,1.7019197669797066,1.7385601660964585,1.7766457754111105,1.7905497546416642,0.9993909572262308,1.7932097968176042,15.52412510657364,15.819755039189985,15.829771518827087,15.832416307064262,0.13245802508161458,15.833143908874126,1
1,pink,attention_out,0.17654326895963715,2.75775400655872,0.9081679414010803,1.194977494686361,1.3542611301002776,6.901121255114764,40.982600842540016,0.24035827338716056,0.3732107170883862,4.932978440997267,9.298149743512303,13.065420021559532,14.261491200866915,0.38938968328361945,14.870702467404868,2.172428139529106,5.476708384973553,8.327026146627448,9.651748517443751,0.5819450734084345,10.165953476021288,12
1,pink,attention_qkv,0.27457349526128727,2.5578304964973255,0.9017885102204937,0.5497715270540783,1.2571039919529186,32.6485026353958,81.38573832213282,0.2975780202795043,0.38991212078763543,0.8775029584863012,1.890298097519647,4.3082419800745235,6.4801003915085085,0.20507278849314367,15.848860046040828,0.8296640365065572,2.7684257663406564,4.088672796552877,5.3326920567680745,0.34004304858355805,15.848931924611135,36
1,pink,head,0.040560980210938694,3.2949801659285276,0.6580980577494177,2.195563536112915,0.8586510560169871,1.3751328762463677,49.471776914477445,0.11993128174314308,0.19914307590726615,0.9216885070006687,2.5380037146012326,4.910463960004604,8.739148031538294,0.04234349172863732,15.84891689557323,0.2807280733555239,0.4969427722789257,0.7413469976605931,1.4438403282944285,0.07239859413191385,15.848416355968846,1
1,pink,mlp_fc1,0.22885125582587185,2.6802731935220407,0.9026191631583544,0.5322865408017244,1.2507006080622316,28.153238719551258,76.5080559929935,0.24753580368816983,0.3475415827864327,0.7758965117338525,1.605299564358564,3.6544000420076586,5.8053050609124925,0.1573343032767365,15.84885331243641,0.6987190692233994,1.7416725550853085,3.0883083894839896,4.683153724452881,0.255135777942136,15.848931924611136,12
1,pink,mlp_fc2,0.26809316665137195,2.759694112408381,0.863890216919701,0.8813083906404974,1.533039678729798,47.054266646382395,168.92982570066428,0.1550198225924965,0.2093190945526402,2.7232646427365435,7.040480043498078,13.103650810432208,15.282662160156766,0.2852627571798394,15.733020955915975,2.4745665528309484,5.1369260464625865,8.709683266499546,12.258275907444514,0.46477389500875316,14.026809259725795,12
1,pink,patch_embed,0.6207183932303513,0.8479616981661425,0.9678370094619964,0.7951587620582338,1.0078742907919602,79.63106910696929,2.2235497691240083,0.6455800849118123,0.7651244679232091,1.7120537596496541,3.2966250984589953,4.277273953474415,4.893744701228706,0.270244411404403,5.026580037854728,15.52412510657364,15.819755039189985,15.829771518827087,15.832416307064262,0.13245802508161458,15.833143908874126,1
1,private_replica,attention_out,0.9978717838677905,0.062432390785821475,0.9979796397209473,0.057315288505865536,1.0021090121323077,41.02404642210527,40.982600842540016,0.9658177370838742,0.9710428226137223,2.170338638822656,5.466982313682421,8.302776328218664,9.631987659906512,0.5804376204992898,10.137799827481448,2.172428139529106,5.476708384973553,8.327026146627448,9.651748517443751,0.5819450734084345,10.165953476021288,12
1,private_replica,attention_qkv,0.9989351134158954,0.045468813920167585,0.9998118855941693,0.01857301312789703,1.0022598633875923,81.26839912386833,81.38573832213282,0.9942470509677831,0.9858962797540407,0.8278728574387819,2.767919258106975,4.081123061139888,5.327971584828249,0.3383961970518279,15.848931924611135,0.8296640365065572,2.7684257663406564,4.088672796552877,5.3326920567680745,0.34004304858355805,15.848931924611135,36
1,private_replica,head,0.9937844730977387,0.1114635617699638,0.9979787562424386,0.063551641893195,0.9977815328126368,50.30721870212017,49.471776914477445,0.9429745387843376,0.8776350253172873,0.27835646718916196,0.49846877211670937,0.7503193255893541,1.3965182208908797,0.07282017303204727,15.848931924611136,0.2807280733555239,0.4969427722789257,0.7413469976605931,1.4438403282944285,0.07239859413191385,15.848416355968846,1
1,private_replica,mlp_fc1,0.9989001043386062,0.046667114908527436,0.9998021796739204,0.019490481179083415,1.0018425077550002,76.47180620431286,76.5080559929935,0.9931184412337308,0.9876731981682075,0.698493277903378,1.7419806240156805,3.0837454698538753,4.679183172383863,0.25474205030998354,15.848929328636705,0.6987190692233994,1.7416725550853085,3.0883083894839896,4.683153724452881,0.255135777942136,15.848931924611136,12
1,private_replica,mlp_fc2,0.9986248500698288,0.046294058901441316,0.9992764984279686,0.03642385032639646,1.0012669926340696,168.8913185861031,168.92982570066428,0.9898953965162945,0.9838474611274138,2.4754308799988487,5.1311684474358685,8.699667026747592,12.236352115488863,0.4642180957743128,13.983235841048803,2.4745665528309484,5.1369260464625865,8.709683266499546,12.258275907444514,0.46477389500875316,14.026809259725795,12
1,private_replica,patch_embed,0.9999737236492289,0.035251061320377405,0.9999975343602732,0.0022338793498513755,1.0331473023994173,2.2198313752544836,2.2235497691240083,0.9998390489496356,0.9993067770337645,15.517761719580292,15.819278623049025,15.82935025469618,15.83213462682586,0.13066280753818763,15.832721755525156,15.52412510657364,15.819755039189985,15.829771518827087,15.832416307064262,0.13245802508161458,15.833143908874126,1
1,white,attention_out,0.16511736470412744,3.012592265631911,0.8937882681393972,1.383255546455412,1.1668568347341919,4.479786258178852,40.982600842540016,0.1936107720120169,0.32073797508735863,6.123034646452143,10.420077571034918,14.230575091250572,14.97980741773799,0.37658269842703745,15.374328064490669,2.172428139529106,5.476708384973553,8.327026146627448,9.651748517443751,0.5819450734084345,10.165953476021288,12
1,white,attention_qkv,0.19394902409201886,3.284891340612782,0.8805069580603583,0.6511070562158757,1.3302068642601228,25.49408354387298,81.38573832213282,0.25820475058751285,0.31225862148207123,0.9321357447767067,2.0118947522080144,4.424291372135324,6.7417770653201865,0.18274434254139277,15.848856856449673,0.8296640365065572,2.7684257663406564,4.088672796552877,5.3326920567680745,0.34004304858355805,15.848931924611135,36
1,white,head,0.024028314431680933,3.2731031000316526,0.6163065746653478,2.7294590849424916,0.8358646707150064,1.2446860892047509,49.471776914477445,0.10660490695842911,0.18403842189721142,1.1760076390222607,3.161545130975628,6.040358860402078,9.433377639803826,0.04255613671044998,15.848736573850491,0.2807280733555239,0.4969427722789257,0.7413469976605931,1.4438403282944285,0.07239859413191385,15.848416355968846,1
1,white,mlp_fc1,0.1516134728612734,3.411046077109296,0.8811813822981835,0.6250744902165549,1.3814205681600595,22.2617012701082,76.5080559929935,0.18135947343294787,0.26417322905116863,0.8105104104609174,1.7129044396598914,3.7940139627408365,6.128953595137435,0.14288603703046718,15.848842807191245,0.6987190692233994,1.7416725550853085,3.0883083894839896,4.683153724452881,0.255135777942136,15.848931924611136,12
1,white,mlp_fc2,0.2067553283175779,4.310468147141313,0.8451364225817258,0.9665785816495331,1.9424293744913437,30.014267009085046,168.92982570066428,0.1144010153419196,0.16125468486113617,2.7674067058513274,7.5154246219730725,14.12656938370113,15.581051149267124,0.2414553950522019,15.811250113254275,2.4745665528309484,5.1369260464625865,8.709683266499546,12.258275907444514,0.46477389500875316,14.026809259725795,12
1,white,patch_embed,0.043965460760080434,0.9990331716995203,0.9860629058533612,0.8887539331174432,1.0078817397924114,765.8888271577015,2.2235497691240083,0.07931513757754179,0.06922301444424925,1.7019659762095227,1.7387668221692132,1.7766167299899347,1.7903723865296985,0.9993641387062542,1.7935345929760829,15.52412510657364,15.819755039189985,15.829771518827087,15.832416307064262,0.13245802508161458,15.833143908874126,1
2,pink,attention_out,0.17003248062118867,2.57717494788443,0.9078796192771179,1.1751851318758268,1.3099393042653198,6.948603622607812,37.94286438823613,0.24501686174625273,0.37386737881206056,4.903311945422799,9.253820728957178,13.031977863199359,14.230055316249627,0.389249013332247,14.862749938150463,2.1547775232480526,5.47350973598472,8.328160815910914,9.686154017971846,0.5649626324457601,10.184675042522729,12
2,pink,attention_qkv,0.27691191001845206,2.4725554731631005,0.9036045185969918,0.5408779212359404,1.2465445858452262,33.0229783863663,79.70389353892706,0.29743013751813807,0.38881432035706887,0.8744857892481904,1.883336980581714,4.277167299316463,6.450601519051753,0.2061070152451322,15.848913056783362,0.8306624603787052,2.764925250460579,4.074205453394181,5.320460527017427,0.3366121963658674,15.848928856332785,36
2,pink,head,0.05521245899071331,3.2238266933103916,0.6736209716906455,2.1030118860940905,0.8321022128298271,1.394298200098965,45.93717730407136,0.12415497411324952,0.20195156855429897,0.9398204424262702,2.466251661186544,4.725603819295853,8.66849980264146,0.04230754385290196,15.848931924611136,0.2865394648396626,0.5125797881827232,0.7708250824390277,1.5222611801960844,0.0735369150849156,15.848931924611136,1
2,pink,mlp_fc1,0.23273870277880218,2.6066057486587053,0.9051338099313431,0.5228165489553944,1.2437791366829327,28.29975201612483,74.64067362040937,0.2457199191034034,0.34599858818843754,0.7749009574461767,1.6021042590164853,3.63608364664252,5.786536622401221,0.1577406500245117,15.848842148358528,0.6997581663777513,1.7383100708466828,3.0849594752412615,4.656396591643824,0.25296738423463927,15.84889921055097,12
2,pink,mlp_fc2,0.2738435216805514,2.6137745528227723,0.8649097420822524,0.8665048260556358,1.5005870320183945,47.28438177109327,161.43470673156887,0.15819658881150891,0.21193975527235165,2.7444624417631265,7.06312319908487,13.095949407708043,15.265100665028504,0.28744733581016363,15.724711252070845,2.4718572551217184,5.1565767602719434,8.783055608255353,12.273998320255572,0.45588255041110454,14.08707411408411,12
2,pink,patch_embed,0.6216857160045697,0.8474367687746844,0.96784787539077,0.7950760548992837,1.0078742916479435,79.40465678253787,2.2235497691240083,0.6350469882350531,0.757741894052581,1.7138470411767768,3.2971458202414743,4.280037634276598,4.890132753964396,0.27006696402124153,5.028537340473195,15.52412510657364,15.819755039189985,15.829771518827087,15.832416307064262,0.13245802508161458,15.833143908874126,1
2,private_replica,attention_out,0.9980223749772642,0.06025127202353067,0.9980348270257936,0.0565998535839673,1.002640122035552,37.95582130573306,37.94286438823613,0.9797904512979616,0.9726023122659719,2.1544730256686986,5.46771895882015,8.317745544991539,9.68383125350296,0.5636294325981198,10.173062735735728,2.1547775232480526,5.47350973598472,8.328160815910914,9.686154017971846,0.5649626324457601,10.184675042522729,12
2,private_replica,attention_qkv,0.9989873218564145,0.04434090721751145,0.9998179704807969,0.018290444727403377,1.00214099945332,79.5957087597122,79.70389353892706,0.9904038501134294,0.9899528331353449,0.828402826831408,2.7626111637450386,4.066642315996626,5.315090199853565,0.33501435465089324,15.848894114377588,0.8306624603787052,2.764925250460579,4.074205453394181,5.320460527017427,0.3366121963658674,15.848928856332785,36
2,private_replica,head,0.9938131387933585,0.11111052401119656,0.9978700682870639,0.06523286703074864,0.9991264653989756,46.56942205755585,45.93717730407136,0.9326130279862176,0.8725002427453458,0.2852344047520346,0.5090262253409281,0.7752410244776995,1.4574408263038758,0.07398591707164151,15.848931924611136,0.2865394648396626,0.5125797881827232,0.7708250824390277,1.5222611801960844,0.0735369150849156,15.848931924611136,1
2,private_replica,mlp_fc1,0.9989462096742535,0.04573045234157774,0.9998073282474119,0.01924956892933391,1.0017544576034008,74.58982230901321,74.64067362040937,0.9902071172488017,0.990185724780813,0.6992764130211563,1.738793996989866,3.0827100287440476,4.652159914270048,0.252504517301655,15.848897932058726,0.6997581663777513,1.7383100708466828,3.0849594752412615,4.656396591643824,0.25296738423463927,15.84889921055097,12
2,private_replica,mlp_fc2,0.9987096104020231,0.045124765375446574,0.9993091635842056,0.035680813411053856,1.0013345911061635,161.23635666820877,161.43470673156887,0.9906435409497916,0.9843743538895405,2.472888343906082,5.150927569930345,8.773475028204448,12.280633984054225,0.4547643129238947,14.05294255491953,2.4718572551217184,5.1565767602719434,8.783055608255353,12.273998320255572,0.45588255041110454,14.08707411408411,12
2,private_replica,patch_embed,0.9999737236492289,0.035251061320377405,0.9999975343602732,0.0022338793498513755,1.0331473023994173,2.2198313752544836,2.2235497691240083,0.9998390489496356,0.9993067770337645,15.517761719580292,15.819278623049025,15.82935025469618,15.83213462682586,0.13066280753818763,15.832721755525156,15.52412510657364,15.819755039189985,15.829771518827087,15.832416307064262,0.13245802508161458,15.833143908874126,1
2,white,attention_out,0.15427510708515138,2.811271317557727,0.8934225705862048,1.3739407129297039,1.120925661570539,4.495584244142841,37.94286438823613,0.19471379674413872,0.3210795614888028,6.123644842736614,10.444060337500217,14.223709309513088,14.97323669539513,0.37530235480070556,15.383849980198313,2.1547775232480526,5.47350973598472,8.328160815910914,9.686154017971846,0.5649626324457601,10.184675042522729,12
2,white,attention_qkv,0.1962992399249455,3.193904122650112,0.8822018676918242,0.6440607411231639,1.3233412199339565,25.744001325814434,79.70389353892706,0.2584617953056112,0.31007457337011146,0.9342125276942964,2.0073922432147198,4.385687938981672,6.6871309591544,0.18337716362170992,15.848868862540273,0.8306624603787052,2.764925250460579,4.074205453394181,5.320460527017427,0.3366121963658674,15.848928856332785,36
2,white,head,0.03119478560609029,3.2877097281623593,0.6213246603956479,2.746804056202262,0.8285079318630739,1.2326716387925913,45.93717730407136,0.10396785988995977,0.18629459592554726,1.1749469498502474,3.2093681389158135,6.125693031300623,9.901308812924116,0.04207717266281384,15.848931924611136,0.2865394648396626,0.5125797881827232,0.7708250824390277,1.5222611801960844,0.0735369150849156,15.848931924611136,1
2,white,mlp_fc1,0.15385673608051562,3.3419799509348724,0.8836054001129011,0.6175978655956045,1.378995904336182,22.33063725206405,74.64067362040937,0.17930217358320444,0.2607488078157989,0.8115347492565004,1.7125583353564815,3.7676282621962263,6.106945874641565,0.14302048502670064,15.848874921785052,0.6997581663777513,1.7383100708466828,3.0849594752412615,4.656396591643824,0.25296738423463927,15.84889921055097,12
2,white,mlp_fc2,0.20754003187868897,4.093159186536868,0.8452259029999726,0.9525856157886446,1.9079159808694304,30.651921984768105,161.43470673156887,0.11291667027124501,0.16098267446275558,2.7659840039734678,7.507089214674665,14.126279505383636,15.571405880122045,0.24393903537896303,15.81035030754534,2.4718572551217184,5.1565767602719434,8.783055608255353,12.273998320255572,0.45588255041110454,14.08707411408411,12
2,white,patch_embed,0.044006290772051676,0.9990313548242558,0.9860632129582118,0.8887538436140677,1.0078820986828796,765.888660082416,2.2235497691240083,0.08079433874523931,0.06913592967508303,1.702277040628472,1.7387250108825438,1.7765735071704272,1.7907683050775558,0.9994101296652004,1.7940547210577193,15.52412510657364,15.819755039189985,15.829771518827087,15.832416307064262,0.13245802508161458,15.833143908874126,1
3,pink,attention_out,0.16842823523493178,2.5110148594010293,0.9077883212354081,1.1657300864577957,1.2937479660860491,6.994714456935079,36.85924608771205,0.24477441651096288,0.3758142623150605,4.845192958080681,9.204345693778691,12.99667840572139,14.207730326939625,0.3896777962883338,14.850371124538613,2.150482294781407,5.473331438565848,8.319478497652232,9.699829649217108,0.557607498218092,10.189838923243784,12
3,pink,attention_qkv,0.2820139588009904,2.4277410808785675,0.9049614318261529,0.5327346070332963,1.244852128518197,33.34468182293953,78.91405797995883,0.29718880894374167,0.3879731247177018,0.87100328727794,1.8705917598892146,4.241357432707534,6.41212672584807,0.20635385485029312,15.848840579456676,0.8309781088806717,2.76917265600266,4.072398488037827,5.317901653587142,0.33582221120693245,15.848922447607656,36
3,pink,head,0.06111035781942627,3.1603479388577176,0.6848776745474805,2.0311421196330453,0.8185018340150583,1.4044107747468926,43.80528896051983,0.12220910848472692,0.19627330937069487,0.9305912644184604,2.456258185310101,4.6787485458524465,8.307464480243413,0.04245445088248453,15.848513139359925,0.29297725465631164,0.5220782895678268,0.7875357549521959,1.5957745506290681,0.0737447528912526,15.84825300614442,1
3,pink,mlp_fc1,0.23710799777505084,2.5623240427617047,0.9068995593575327,0.5137945618389504,1.2437182829272755,28.576071488611067,73.89203924340609,0.2459118681216109,0.34524184903391236,0.7725568528118402,1.5927993405468464,3.6023662087240815,5.743646970619538,0.15796473631761257,15.84888366161828,0.6996086511564941,1.734180347204824,3.0810960450358476,4.6457828997925406,0.2523892868446797,15.84883903341089,12
3,pink,mlp_fc2,0.27543515326622886,2.5891772056884177,0.8652648563766818,0.8538053080526886,1.502532533763597,47.58230254373586,158.5372434628255,0.16070589902058313,0.21340806902087497,2.7388649892830266,7.005684400105956,13.033488223746163,15.244146014767113,0.2875774387792729,15.722831661600077,2.471971153661671,5.161952704672331,8.803019473081173,12.33809562317434,0.4520551884043104,14.098237178056843,12
3,pink,patch_embed,0.6217380252708246,0.8475224101808233,0.9678393560063329,0.7950987316713336,1.0078742848778934,79.49703020415018,2.2235497691240083,0.6298213873446175,0.7681104387264319,1.7144314286193554,3.293466251683574,4.280041239779014,4.895221456733782,0.2706654942903837,5.02850689300854,15.52412510657364,15.819755039189985,15.829771518827087,15.832416307064262,0.13245802508161458,15.833143908874126,1
3,private_replica,attention_out,0.9981175436506954,0.05902513845098714,0.998055313413908,0.056328922764717244,1.0031124149238464,36.8618175006295,36.85924608771205,0.9828402596484525,0.9721859493122905,2.147811281110022,5.462235335330476,8.31234230155088,9.69227935447747,0.5560370286046682,10.173546189472903,2.150482294781407,5.473331438565848,8.319478497652232,9.699829649217108,0.557607498218092,10.189838923243784,12
3,private_replica,attention_qkv,0.9990132782902462,0.043749151917319054,0.9998206321902683,0.018169708463785655,1.0021134961098812,78.83331922177032,78.91405797995883,0.9915681030068733,0.9886913794211194,0.8291543720352266,2.7677537570583532,4.062020832018027,5.312422540034672,0.3343342770947869,15.848926478645133,0.8309781088806717,2.76917265600266,4.072398488037827,5.317901653587142,0.33582221120693245,15.848922447607656,36
3,private_replica,head,0.9940833230082164,0.1086348913574574,0.9978042079369371,0.06623356758659849,0.9997729907954986,44.35599956581189,43.80528896051983,0.9196610421940883,0.8705728426274868,0.28934258493300397,0.519672561752507,0.7875011935059792,1.564009454130976,0.07418406569866148,15.848931924611136,0.29297725465631164,0.5220782895678268,0.7875357549521959,1.5957745506290681,0.0737447528912526,15.84825300614442,1
3,private_replica,mlp_fc1,0.9989709201669354,0.04524059800040405,0.9998096125401884,0.019141860699002197,1.0017632859826942,73.85790429841894,73.89203924340609,0.9936411478028826,0.9874588679800923,0.699843468204795,1.7353453932228116,3.075752592369818,4.641183706410127,0.25195633330626843,15.848924411877983,0.6996086511564941,1.734180347204824,3.0810960450358476,4.6457828997925406,0.2523892868446797,15.84883903341089,12
3,private_replica,mlp_fc2,0.998742788049669,0.044709358544316125,0.9993234591802387,0.035362069605456035,1.0016712713676692,158.3181341841911,158.5372434628255,0.9923020822988217,0.986455404899615,2.4727561301681593,5.160084853052586,8.789529004293943,12.323897697001476,0.4506564214042698,14.062957969628537,2.471971153661671,5.161952704672331,8.803019473081173,12.33809562317434,0.4520551884043104,14.098237178056843,12
3,private_replica,patch_embed,0.9999737236492289,0.035251061320377405,0.9999975343602732,0.0022338793498513755,1.0331473023994173,2.2198313752544836,2.2235497691240083,0.9998390489496356,0.9993067770337645,15.517761719580292,15.819278623049025,15.82935025469618,15.83213462682586,0.13066280753818763,15.832721755525156,15.52412510657364,15.819755039189985,15.829771518827087,15.832416307064262,0.13245802508161458,15.833143908874126,1
3,white,attention_out,0.15140068464530557,2.7444239894864246,0.8932574246467783,1.363104429007356,1.1040542702624954,4.515448023018355,36.85924608771205,0.19348442173456695,0.32083875286039837,6.032239580253637,10.39032375483875,14.197507332320074,14.95430838730217,0.37577244255882963,15.370359344772332,2.150482294781407,5.473331438565848,8.319478497652232,9.699829649217108,0.557607498218092,10.189838923243784,12
3,white,attention_qkv,0.19583349376787001,3.154140228570208,0.8836261859369596,0.6363206847474427,1.3225740388682374,25.904714184142712,78.91405797995883,0.25798451923816385,0.30805206393783596,0.931337848569835,1.9959948833174148,4.338059066116752,6.611709496870173,0.18353231147019325,15.848869412328725,0.8309781088806717,2.76917265600266,4.072398488037827,5.317901653587142,0.33582221120693245,15.848922447607656,36
3,white,head,0.03632380738855574,3.248132039431491,0.6311672230178412,2.673028670130852,0.8213556091601163,1.2381976103769627,43.80528896051983,0.10897409901855387,0.18504823498445327,1.1629214831950119,3.198708620055496,5.9941907782426,9.394267393379252,0.04208646870251219,15.848931924611136,0.29297725465631164,0.5220782895678268,0.7875357549521959,1.5957745506290681,0.0737447528912526,15.84825300614442,1
3,white,mlp_fc1,0.1535911401538753,3.3077016136675184,0.885396856094873,0.6091319351307614,1.3803869992685918,22.475766429293284,73.89203924340609,0.17891179463202544,0.25908952010546443,0.8097972164940151,1.702168242206407,3.7250745564480297,6.054934971012552,0.14312695158975866,15.848836064395206,0.6996086511564941,1.734180347204824,3.0810960450358476,4.6457828997925406,0.2523892868446797,15.84883903341089,12
3,white,mlp_fc2,0.20709765942038763,4.027765213480953,0.8454355814485419,0.9422698515567456,1.907056558473028,31.20822751579448,158.5372434628255,0.1125682463017255,0.16051248649150537,2.754446570817851,7.452160256195426,14.086022691021297,15.56476067701958,0.24481798637160787,15.808239588072079,2.471971153661671,5.161952704672331,8.803019473081173,12.33809562317434,0.4520551884043104,14.098237178056843,12
3,white,patch_embed,0.043970620305066946,0.9990329421975297,0.9860695142227133,0.888752673411995,1.007881875193412,765.8850950044696,2.2235497691240083,0.07795137782876116,0.06832578182344577,1.701785689758043,1.7385565200701878,1.7766666664842286,1.790397639758826,0.9994026164472882,1.7933060838579866,15.52412510657364,15.819755039189985,15.829771518827087,15.832416307064262,0.13245802508161458,15.833143908874126,1
4,pink,attention_out,0.17149270665140773,2.4820434687013866,0.908111173982146,1.1574886848763126,1.291535538480975,7.028078236304438,36.45756036638853,0.24674949564939716,0.3773320512324925,4.865810193834489,9.167210847293301,12.987577436377846,14.190158984274833,0.390986488771731,14.831637292186818,2.1543970191115145,5.480248566088535,8.330107246571766,9.720847781459964,0.5563168865171572,10.209268459652394,12
4,pink,attention_qkv,0.2840420281391607,2.3851680744477854,0.9060258827832237,0.5277384964181296,1.2413684586791254,33.63600218816247,78.49352165857599,0.3005985263668316,0.38931539047028374,0.8704353541051737,1.865422625721675,4.220120246340968,6.3820426444763205,0.20700275582373523,15.848888987139809,0.8304063415704008,2.7672428831663383,4.061920933328849,5.313858073929039,0.334633464792673,15.848931924611135,36
4,pink,head,0.06638884036472747,3.177799794067571,0.6852079445361802,2.035728522499063,0.8134803700741295,1.4060897862223596,43.450231319624166,0.12374738005422936,0.19921819290254253,0.9362031236171752,2.452569376290546,4.699839337682312,8.363092355133055,0.04249681146818114,15.848931924611136,0.2938724683151007,0.5269438724691381,0.7961928334465336,1.553543835414735,0.07481265607125022,15.848440240700992,1
4,pink,mlp_fc1,0.23952404286871687,2.5259400819399658,0.9083961466218899,0.5082795265257821,1.2418757006720085,28.822524102912766,73.55816708971382,0.2483924340701056,0.346057648048049,0.770570197049246,1.5858060183255527,3.581804138006328,5.713689562321879,0.1584922556827699,15.848790649987594,0.7001613595371029,1.7331621255972092,3.082655308630272,4.628376273614481,0.25172151212396027,15.848896440074014,12
4,pink,mlp_fc2,0.27828604397718254,2.5376554554755675,0.8660988639689973,0.8484362162005673,1.4985443013421598,48.349987080376195,157.1693750811051,0.16304910889116034,0.21487277612623612,2.7476437449793223,6.994063111697753,13.01418626358196,15.219720930371324,0.29028828588773653,15.72205947924533,2.4757500866649575,5.1666193078079905,8.818454475694704,12.381615498575655,0.4497790612605203,14.137781205031558,12
4,pink,patch_embed,0.6217757530205386,0.8474134809376456,0.9678404664680865,0.7950314571764319,1.0078742925817434,79.36621512076061,2.2235497691240083,0.6311153151616116,0.7678136137514004,1.7130041115024461,3.2964168990653206,4.280416733364106,4.8949253158553505,0.2703874129128834,5.0266555903263574,15.52412510657364,15.819755039189985,15.829771518827087,15.832416307064262,0.13245802508161458,15.833143908874126,1
4,private_replica,attention_out,0.9981652980191922,0.05835450615494386,0.9980748878512804,0.056024713187368035,1.0036989917446093,36.44230051110403,36.45756036638853,0.9830479481812504,0.9736328492446612,2.150685331644107,5.466504828130542,8.319430747140597,9.708153314047353,0.5542222300188947,10.186780021379457,2.1543970191115145,5.480248566088535,8.330107246571766,9.720847781459964,0.5563168865171572,10.209268459652394,12
4,private_replica,attention_qkv,0.9990333249539116,0.043315122580323384,0.9998233827493271,0.018042323445134994,1.002112672027132,78.41347051231145,78.49352165857599,0.9938226175091486,0.985955790055873,0.8293103889547235,2.7639297567513306,4.051944530782041,5.309430852739445,0.33313090622153047,15.848931924611135,0.8304063415704008,2.7672428831663383,4.061920933328849,5.313858073929039,0.334633464792673,15.848931924611135,36
4,private_replica,head,0.9941467114524474,0.10803905349657467,0.9977825491504061,0.06655956469450053,0.9998750879538061,43.94398274706513,43.450231319624166,0.9015662190422618,0.8688636849606692,0.2925072529077846,0.5262571066702346,0.7948142688730823,1.5256094961928268,0.07520827668003102,15.848931924611136,0.2938724683151007,0.5269438724691381,0.7961928334465336,1.553543835414735,0.07481265607125022,15.848440240700992,1
4,private_replica,mlp_fc1,0.9989856889740533,0.04493934493973262,0.9998122720854196,0.019016671253183716,1.001800954024694,73.51695873532044,73.55816708971382,0.9924727884977377,0.9886432411185142,0.700263024778717,1.7340517332744347,3.0771821254730014,4.62464509547077,0.25125965480233287,15.848931025926317,0.7001613595371029,1.7331621255972092,3.082655308630272,4.628376273614481,0.25172151212396027,15.848896440074014,12
4,private_replica,mlp_fc2,0.9987751300342906,0.04426915219800009,0.9993360728715874,0.035076732022197715,1.0019121149453964,156.92488820577265,157.1693750811051,0.9905011355660113,0.9848773472744123,2.477258750172959,5.1627751942009015,8.793735963983833,12.351608598307012,0.44827273635228554,14.080846739381782,2.4757500866649575,5.1666193078079905,8.818454475694704,12.381615498575655,0.4497790612605203,14.137781205031558,12
4,private_replica,patch_embed,0.9999737236492289,0.035251061320377405,0.9999975343602732,0.0022338793498513755,1.0331473023994173,2.2198313752544836,2.2235497691240083,0.9998390489496356,0.9993067770337645,15.517761719580292,15.819278623049025,15.82935025469618,15.83213462682586,0.13066280753818763,15.832721755525156,15.52412510657364,15.819755039189985,15.829771518827087,15.832416307064262,0.13245802508161458,15.833143908874126,1
4,white,attention_out,0.15638034604927142,2.6942306193232017,0.8937946542436676,1.339720794939442,1.095261757748523,4.602785896099759,36.45756036638853,0.19478671969169647,0.3235390677823442,5.975656545998848,10.281110459076974,14.120718309497633,14.89694305647926,0.3803566438823934,15.341256770635054,2.1543970191115145,5.480248566088535,8.330107246571766,9.720847781459964,0.5563168865171572,10.209268459652394,12
4,white,attention_qkv,0.1997123747851012,3.036015779312617,0.8872725889755401,0.6128582401668704,1.3152398291595695,26.82196718132794,78.49352165857599,0.26427475693554653,0.31048434665595365,0.9237595574873745,1.9651295850138206,4.235201948338596,6.490761060598682,0.18522652180680665,15.848791100915722,0.8304063415704008,2.7672428831663383,4.061920933328849,5.313858073929039,0.334633464792673,15.848931924611135,36
4,white,head,0.03981157055555558,3.2032854233120123,0.6437102387124604,2.528945805653399,0.801334371239296,1.2673124680416608,43.450231319624166,0.10452536768053597,0.19254640541977114,1.1107410874632513,3.08292859047747,5.75690742804441,8.968336494214098,0.04249748482393899,15.848235817707549,0.2938724683151007,0.5269438724691381,0.7961928334465336,1.553543835414735,0.07481265607125022,15.848440240700992,1
4,white,mlp_fc1,0.1580439681373911,3.20286441592399,0.8896310276624106,0.5860808286712372,1.37300817587497,23.30282859164899,73.55816708971382,0.1829326110129761,0.26255256613481204,0.8047577531868443,1.67067675465794,3.6417326334848816,5.955545361399863,0.14459898332894944,15.848795799772633,0.7001613595371029,1.7331621255972092,3.082655308630272,4.628376273614481,0.25172151212396027,15.848896440074014,12
4,white,mlp_fc2,0.2134531384908437,3.865610752497067,0.8463298239494662,0.9174746201466063,1.8891920692578348,32.945578296761575,157.1693750811051,0.11677034968403817,0.1632612820487675,2.730363478738761,7.295952170161467,13.945829705923826,15.522655295216694,0.24991835682884558,15.79760250034284,2.4757500866649575,5.1666193078079905,8.818454475694704,12.381615498575655,0.4497790612605203,14.137781205031558,12
4,white,patch_embed,0.044003989674685905,0.999031457270183,0.9860673476943149,0.8887531300814192,1.0078820648326294,765.8868103126068,2.2235497691240083,0.0790814130698467,0.07129965556992147,1.701963450574562,1.7385825406099509,1.7767101902488678,1.7909473789524502,0.9993996878048841,1.7940435739980267,15.52412510657364,15.819755039189985,15.829771518827087,15.832416307064262,0.13245802508161458,15.833143908874126,1
5,pink,attention_out,0.17287610435776316,2.470583783224798,0.908297596566851,1.1563509272957881,1.287323337005622,7.031301898008529,36.558184641581384,0.24736381515242448,0.37905645352580314,4.862862348615914,9.148984917436454,12.963522427299914,14.175688653596374,0.39256264302387067,14.822197381485779,2.1515545510145127,5.480771852811826,8.3225603916734,9.701247164077648,0.5564294452509001,10.192020838370743,12
5,pink,attention_qkv,0.286620942318626,2.3583887315062166,0.9071129834964933,0.5219218555429042,1.2380831255492666,33.98269303719522,78.52286511342605,0.3010391460109909,0.38985716298954315,0.8703556169931393,1.8564461084438015,4.193406630635528,6.341048368131855,0.20741799875613182,15.848845244313358,0.8298881413696079,2.75980491654716,4.05794696982965,5.309775592736293,0.33522535760716976,15.848926041118679,36
5,pink,head,0.05913288558933306,3.11921765389918,0.6890816345657046,2.006471557621077,0.8046356981938915,1.4131419583891223,42.0724053060919,0.12846784828148652,0.20034152395922084,0.9484445148144559,2.424595845545375,4.603514918888731,8.250692830100052,0.042652059030199856,15.848931924611136,0.29861023942633175,0.5317610823238779,0.8027588316989551,1.5793677073183865,0.07436114387813265,15.848549361883148,1
5,pink,mlp_fc1,0.2419659849724302,2.5091184213431577,0.9098338283219078,0.5014711315244086,1.2433191524599965,29.137196931721984,73.66647291620852,0.24786580322835913,0.34664931530030757,0.768970290938511,1.5787371090529063,3.552121125989741,5.673506235921805,0.1588327875547005,15.848822193214898,0.6987893850337832,1.7312744001001843,3.0825009546940447,4.6113715702750335,0.25250763626645784,15.848930911553117,12
5,pink,mlp_fc2,0.27844019667782116,2.527211773201693,0.8663830059309728,0.8419527045622671,1.5023955476773787,49.21908668760906,157.36957237053448,0.16440669124183946,0.21550486695368845,2.740907872800801,6.942123523845736,12.97384636076614,15.207993125284835,0.2916928162458521,15.716515897500967,2.47306334532674,5.159618825083901,8.802154192910479,12.368692973684118,0.44979377789802494,14.109645360720586,12
5,pink,patch_embed,0.6196972194118625,0.8482208258907482,0.9678446420435364,0.7951050132859676,1.0078742798976268,79.49861903592065,2.2235497691240083,0.6453802426662746,0.7814649838888622,1.714152004487869,3.2936068891929495,4.2800522121370275,4.8933635779449975,0.27019647650839845,5.027891390576072,15.52412510657364,15.819755039189985,15.829771518827087,15.832416307064262,0.13245802508161458,15.833143908874126,1
5,private_replica,attention_out,0.9981792169024741,0.05836827470823419,0.9980794508621273,0.05599936951365644,1.003957620680701,36.524855494266895,36.558184641581384,0.9824157176756926,0.9738500044235284,2.149240318052008,5.463310471399461,8.309610150736697,9.695570587355709,0.5543939497226333,10.176823428314671,2.1515545510145127,5.480771852811826,8.3225603916734,9.701247164077648,0.5564294452509001,10.192020838370743,12
5,private_replica,attention_qkv,0.9990325202115342,0.043343991297213384,0.9998241264158254,0.01800461897221926,1.0020913088166399,78.43418950787891,78.52286511342605,0.9908439986178781,0.9852208743171545,0.8287842537408733,2.757978599476019,4.0483442856946725,5.305682402466844,0.33362421354874994,15.848931924611135,0.8298881413696079,2.75980491654716,4.05794696982965,5.309775592736293,0.33522535760716976,15.848926041118679,36
5,private_replica,head,0.9944990662688963,0.10474656574734302,0.9977146531193771,0.06756898301782202,0.9998290963215267,42.53718643528489,42.0724053060919,0.9051785651093582,0.8677004976309952,0.2952234605351462,0.53074844676292,0.8041599952969599,1.5696310627593455,0.07474272869281819,15.848931924611136,0.29861023942633175,0.5317610823238779,0.8027588316989551,1.5793677073183865,0.07436114387813265,15.848549361883148,1
5,private_replica,mlp_fc1,0.9989850750470373,0.04496120244340395,0.999812446308686,0.019007679319550625,1.0017631114464738,73.62006167701769,73.66647291620852,0.9924014703658517,0.9864315484915601,0.6990579513924223,1.7317051243700143,3.078330162232786,4.608805645898936,0.2520384836330328,15.848859047344233,0.6987893850337832,1.7312744001001843,3.0825009546940447,4.6113715702750335,0.25250763626645784,15.848930911553117,12
5,private_replica,mlp_fc2,0.9987626875639936,0.044541878952828136,0.9993385630032529,0.03500937541511236,1.0017941406712734,157.12401344510815,157.36957237053448,0.9902845739560067,0.984629157895813,2.4755762351610735,5.156764673042109,8.7781240805602,12.357571156008381,0.4482739579061508,14.059734178306924,2.47306334532674,5.159618825083901,8.802154192910479,12.368692973684118,0.44979377789802494,14.109645360720586,12
5,private_replica,patch_embed,0.9999737236492289,0.035251061320377405,0.9999975343602732,0.0022338793498513755,1.0331473023994173,2.2198313752544836,2.2235497691240083,0.9998390489496356,0.9993067770337645,15.517761719580292,15.819278623049025,15.82935025469618,15.83213462682586,0.13066280753818763,15.832721755525156,15.52412510657364,15.819755039189985,15.829771518827087,15.832416307064262,0.13245802508161458,15.833143908874126,1
5,white,attention_out,0.15999504831499675,2.6871484949196343,0.8941509402712717,1.3554775459874433,1.088717786322242,4.576302682912338,36.558184641581384,0.19546464161589172,0.32339501813709265,6.095335980281004,10.365058297904332,14.141990445076793,14.920237028119878,0.38301993015694014,15.35540351166914,2.1515545510145127,5.480771852811826,8.3225603916734,9.701247164077648,0.5564294452509001,10.192020838370743,12
5,white,attention_qkv,0.20495968069863804,3.0243602448033475,0.8877076467695999,0.6143438257648396,1.3102056558262836,26.804288633988275,78.52286511342605,0.26531563974871675,0.31172066242346214,0.9239320762617105,1.9660569497922187,4.21323078668969,6.453617017680533,0.18519650094506726,15.848855309270643,0.8298881413696079,2.75980491654716,4.05794696982965,5.309775592736293,0.33522535760716976,15.848926041118679,36
5,white,head,0.03560393065900966,3.030502030740051,0.6437225809712469,2.558268024522791,0.7608946483547604,1.263899524977069,42.0724053060919,0.10668901541763383,0.18722912790222923,1.1518123639398905,3.1301206980327603,5.840107376947981,8.991878058724183,0.04333660459226733,15.848931924611136,0.29861023942633175,0.5317610823238779,0.8027588316989551,1.5793677073183865,0.07436114387813265,15.848549361883148,1
5,white,mlp_fc1,0.16269101605889313,3.2020873142999857,0.8902388831922141,0.5861761440882076,1.37349106955536,23.333936050539396,73.66647291620852,0.1847896713656352,0.2628812668218061,0.8043995473925865,1.6720828927328626,3.6259001255725765,5.93231444602969,0.1446326063675521,15.848880902796829,0.6987893850337832,1.7312744001001843,3.0825009546940447,4.6113715702750335,0.25250763626645784,15.848930911553117,12
5,white,mlp_fc2,0.2174033647526017,3.84395013553217,0.8474685529664815,0.9180411584778424,1.889566824605909,33.148374355761256,157.36957237053448,0.1188855936083439,0.16542627612921854,2.7359330012140113,7.29877564537868,13.937985218294832,15.524025000879922,0.250639054552881,15.79676603623224,2.47306334532674,5.159618825083901,8.802154192910479,12.368692973684118,0.44979377789802494,14.109645360720586,12
5,white,patch_embed,0.04409973304486485,0.9990271968348754,0.9860796788315102,0.8887515720720278,1.0078818320051617,765.8867464333389,2.2235497691240083,0.08306536949335017,0.0703707926589198,1.7018134789139294,1.7387508388250383,1.776585337513788,1.7904309677927903,0.9993809282108034,1.7942698742074106,15.52412510657364,15.819755039189985,15.829771518827087,15.832416307064262,0.13245802508161458,15.833143908874126,1
