method,seed,epoch,interval,global_update_index,interval_steps,sensor_type,update_frequency,layer,NSR_G,cos_G,clean_G_norm,noisy_G_norm,NSR_A,cos_A,clean_A_norm,noisy_A_norm
CLW-Noisy-Slow,42,1,1,1,234,noisy,1,conv1,1.729892150299105,0.3819727817366864,3.7076120715851123e-06,6.907987617192515e-06,1.4636684765628132,0.5422685337481037,2.2876824027717275e-06,4.173426066829423e-06
CLW-Noisy-Slow,42,1,1,1,234,noisy,1,conv2,8.63293338372502,0.06032278170218748,3.7037507945449866e-07,3.2172659288604904e-06,10.82934195384378,0.10455928296963973,2.9354995341071576e-06,3.196543913792627e-05
CLW-Noisy-Slow,42,1,1,1,234,noisy,1,fc1,12.390793294837602,0.04402873464409709,3.297065927003447e-07,4.097353013822088e-06,15.990859933570723,0.06130618985062364,1.0664344872080065e-05,0.0001708536895102929
CLW-Noisy-Slow,42,1,1,1,234,noisy,1,fc2,0.6345120006556102,0.7278039049156557,2.1050423671093937e-06,2.6070626012571475e-06,0.582648544436056,0.8625937434629483,8.993768277871545e-05,0.00010360892534248504
CLW-Noisy-Slow,42,2,1,2,234,noisy,1,conv1,85.23277454848129,0.06528381077045554,7.79814486212229e-08,6.6611113385741595e-06,35.12280120719466,-0.006430349624486498,9.467302175864877e-08,3.3213249576226116e-06
CLW-Noisy-Slow,42,2,1,2,234,noisy,1,conv2,31.535100270229858,0.008358030208979343,1.0704599003454143e-07,3.377410963441674e-06,20.18806000442878,0.040375589258732594,1.5733562368897002e-06,3.178890037674786e-05
CLW-Noisy-Slow,42,2,1,2,234,noisy,1,fc1,19.23209464379534,0.016453961470680397,2.0617084654372487e-07,3.9672996922221796e-06,27.079367885928022,0.03619307139403557,6.292520798658751e-06,0.00017050939697390473
CLW-Noisy-Slow,42,2,1,2,234,noisy,1,fc2,0.833009592316381,0.44758442260236153,1.2376970879132495e-06,1.4102172062236413e-06,0.9505106592757223,0.7370527727481158,5.4269312083748396e-05,7.629159608388161e-05
CLW-Noisy-Slow,42,3,1,3,234,noisy,1,conv1,59.757672538660636,-0.001956515492075813,1.1222667378571199e-07,6.705014155128823e-06,22.728889869025192,0.08087979626857568,1.437365277365143e-07,3.3001641462971844e-06
CLW-Noisy-Slow,42,3,1,3,234,noisy,1,conv2,29.49141000758435,0.015301437752821908,1.1328217665383272e-07,3.3452728635014557e-06,17.91432703815778,0.03934079503094965,1.78041342056317e-06,3.191655026300122e-05
CLW-Noisy-Slow,42,3,1,3,234,noisy,1,fc1,30.243512790232614,0.01021663627840617,1.3268270091966583e-07,4.014529432177984e-06,42.30114367097963,0.02468365645695439,4.031462744963734e-06,0.00017058755356230319
CLW-Noisy-Slow,42,3,1,3,234,noisy,1,fc2,1.6241356946080339,0.2379130884275279,7.122196658481766e-07,1.3250136790335029e-06,1.403936318579539,0.5744977386043659,3.648221115756576e-05,6.258622560787533e-05
CLW-Noisy-Slow,42,4,1,4,234,noisy,1,conv1,50.445162680075626,0.06004900755765925,1.3399126368241712e-07,6.774864028154175e-06,15.17676271207624,0.09193715297546445,2.1358605850051374e-07,3.2825114242074e-06
CLW-Noisy-Slow,42,4,1,4,234,noisy,1,conv2,26.17968436766543,0.013747691822239044,1.221086485644335e-07,3.2004389624795015e-06,16.519559800379398,0.051880913506022065,1.9134078383369404e-06,3.1651775032324796e-05
CLW-Noisy-Slow,42,4,1,4,234,noisy,1,fc1,38.14068114784068,0.004424643808345276,1.0411147298861391e-07,3.971130750338729e-06,54.35854568740674,0.016599820350862306,3.1349743523478817e-06,0.00017043600779643905
CLW-Noisy-Slow,42,4,1,4,234,noisy,1,fc2,2.12472387160121,0.15319171530454928,5.30466723478104e-07,1.2222893150891341e-06,2.040899175583752,0.4458746474659895,2.512712412256362e-05,5.729991512676815e-05
CLW-Noisy-Slow,42,5,1,5,234,noisy,1,conv1,32.61883315863698,-9.134477231101962e-05,1.8260304419323501e-07,5.9534991430296875e-06,10.044154691838397,0.012734416424449604,2.9628026874334836e-07,2.969182118607597e-06
CLW-Noisy-Slow,42,5,1,5,234,noisy,1,conv2,29.014292837231967,-0.010014042377523676,1.1547248613153753e-07,3.344242857212999e-06,17.244568618744548,0.07209485446962458,1.84063166996372e-06,3.182275603096258e-05
CLW-Noisy-Slow,42,5,1,5,234,noisy,1,fc1,46.94912571512299,0.008286839269862567,8.525995410374722e-08,4.004795883843703e-06,66.55294542090894,0.01488386316779152,2.559332056457008e-06,0.00017035010875278398
CLW-Noisy-Slow,42,5,1,5,234,noisy,1,fc2,2.664943170932022,0.24142606886042275,4.659329930131649e-07,1.4616363779568288e-06,2.2789326276395867,0.4211524367444384,2.2615885312751405e-05,5.681600913378615e-05
CLW-Noisy-Fast,42,1,1,1,58,noisy,4,conv1,0.32996802421489385,0.9420226388120727,2.0891072855322958e-05,2.0192626946287534e-05,0.25012107225367514,0.9661073050301996,1.2863028591543128e-05,1.354857863827156e-05
CLW-Noisy-Fast,42,1,1,1,58,noisy,4,conv2,1.3633032675052976,0.5172563709046478,2.0550515715931664e-06,3.4693381360572868e-06,2.454710781167834,0.37600750003414474,1.0905169517665155e-05,2.8904140280980293e-05
CLW-Noisy-Fast,42,1,1,1,58,noisy,4,fc1,6.466757499791882,0.10144801863482394,5.176224108433795e-07,3.390541068062652e-06,10.995312547755505,0.08931639788928232,1.2949848574348624e-05,0.00014295952125495276
CLW-Noisy-Fast,42,1,1,1,58,noisy,4,fc2,0.4940013633497743,0.7872904059663453,2.525870920515659e-06,2.8288487332816816e-06,0.48831013947517904,0.8999981186561835,9.611927178521507e-05,0.00010770538357670074
CLW-Noisy-Fast,42,1,2,2,59,noisy,4,conv1,29.99068347866536,-0.08765310566316825,1.822983496789415e-07,5.432221597562704e-06,24.17827947436155,0.011969005750754031,1.0669938513653618e-07,2.583540946653145e-06
CLW-Noisy-Fast,42,1,2,2,59,noisy,4,conv2,58.123386443736834,-0.006085163482577277,4.899229093512694e-08,2.8447983766831845e-06,43.44193385396019,0.005507967490852271,6.121329396610994e-07,2.658881478183511e-05
CLW-Noisy-Fast,42,1,2,2,59,noisy,4,fc1,14.138477582753001,0.03027261870836301,2.374271369835214e-07,3.3646892181328925e-06,21.462802375456704,0.04923241536450933,6.66137013993319e-06,0.00014314510057966692
CLW-Noisy-Fast,42,1,2,2,59,noisy,4,fc2,0.5797544378599973,0.644855572495417,1.6070079105622693e-06,1.8419799828833272e-06,0.7268955053577277,0.8018521339405666,6.23115411159414e-05,7.578877112970729e-05
CLW-Noisy-Fast,42,1,3,3,58,noisy,4,conv1,73.78715698236306,0.005311263153889924,6.920498250843357e-08,5.107451395300101e-06,54.887202699918205,0.018909232158385577,4.309430953423498e-08,2.3737854312883214e-06
CLW-Noisy-Fast,42,1,3,3,58,noisy,4,conv2,71.45437278129137,-0.00530875532332741,4.018963823252186e-08,2.8694529051565948e-06,50.11431975487384,0.03573689909771971,5.333293261193268e-07,2.6742568501285506e-05
CLW-Noisy-Fast,42,1,3,3,58,noisy,4,fc1,26.792409870464663,0.009740332419364436,1.2542160003869085e-07,3.362153517651762e-06,39.808209549250044,0.024189025703990962,3.570967066084377e-06,0.00014219556053950654
CLW-Noisy-Fast,42,1,3,3,58,noisy,4,fc2,1.2911306460718133,0.2519258285072261,6.470080195534816e-07,1.0628029973376741e-06,1.473682377166118,0.5316305884384068,2.898232225110453e-05,5.0374995440983666e-05
CLW-Noisy-Fast,42,1,4,4,59,noisy,4,conv1,111.59230810510164,-0.014138290664248945,4.571532503459466e-08,5.097966887351955e-06,76.83703426353925,0.0007805094762533202,3.524947300535518e-08,2.7086281084616458e-06
CLW-Noisy-Fast,42,1,4,4,59,noisy,4,conv2,42.99348357900416,-0.0066846086227429265,6.172442132878003e-08,2.6501396271000402e-06,34.562260940834115,0.03601422237525806,7.662040128053099e-07,2.64996599988714e-05
CLW-Noisy-Fast,42,1,4,4,59,noisy,4,fc1,23.45601389474619,0.012882912159171754,1.4442057439367572e-07,3.3901399400741713e-06,36.303159664658146,0.025988514953513606,3.933640251095258e-06,0.00014285186660878104
CLW-Noisy-Fast,42,1,4,4,59,noisy,4,fc2,1.4603883535166493,0.3008604343128053,7.945354345594145e-07,1.4111988137114329e-06,1.4086193198937111,0.5834211296430679,3.108610274593563e-05,5.392983018233798e-05
CLW-Noisy-Fast,42,2,1,5,58,noisy,4,conv1,150.58334216019335,0.0012026016963869132,3.72954920705667e-08,5.6163655742131406e-06,59.338392196254304,0.0011091220783457072,4.236009219269839e-08,2.513770397296361e-06
CLW-Noisy-Fast,42,2,1,5,58,noisy,4,conv2,30.92004390857132,0.003872689702648192,8.796019939220956e-08,2.72010635242425e-06,27.408451343635697,0.03613355526716644,9.473821090614541e-07,2.5984662755207e-05
CLW-Noisy-Fast,42,2,1,5,58,noisy,4,fc1,24.25508392966152,0.007960077864733394,1.376856772276295e-07,3.3402433264100707e-06,39.789621406634986,0.024974211395630358,3.567341175616201e-06,0.00014198765549539038
CLW-Noisy-Fast,42,2,1,5,58,noisy,4,fc2,1.074090329089248,0.23781260607259108,7.958775064745313e-07,9.695183164978383e-07,1.6343769990922832,0.5201255005943454,2.5962109734308516e-05,4.969498068768816e-05
CLW-Noisy-Fast,42,2,2,6,59,noisy,4,conv1,111.9960959897242,0.020351683017464574,5.1978347985155935e-08,5.82580498637289e-06,49.59707504711702,-0.007509553298130651,5.208857056918119e-08,2.579665071535829e-06
CLW-Noisy-Fast,42,2,2,6,59,noisy,4,conv2,33.177833028266214,-0.002099996616439791,7.982990465785999e-08,2.646452124118411e-06,28.94116988116478,0.017491216752809527,9.233123797594083e-07,2.6722622782969197e-05
CLW-Noisy-Fast,42,2,2,6,59,noisy,4,fc1,28.747000934938267,0.009447153654720427,1.1674756040534186e-07,3.3580582707158984e-06,46.88592228272085,0.01845287194124908,3.0386143065367906e-06,0.0001424920848477836
CLW-Noisy-Fast,42,2,2,6,59,noisy,4,fc2,1.8226906219730372,0.2529414892804901,5.058865586403177e-07,1.1846339830134375e-06,2.238244906902088,0.38761660396985226,1.9421034350769495e-05,4.714893300931769e-05
CLW-Noisy-Fast,42,2,3,7,58,noisy,4,conv1,82.18857708738854,0.05628764694406212,6.241925459417905e-08,5.144327657337956e-06,31.411247228050126,-0.015722159181625252,7.061203206155488e-08,2.2087059755504574e-06
CLW-Noisy-Fast,42,2,3,7,58,noisy,4,conv2,30.70779768880205,0.00040128860218061003,8.811843329104132e-08,2.704702310626091e-06,24.340822070874143,0.018687435556556185,1.0799363637095075e-06,2.6285270721428317e-05
CLW-Noisy-Fast,42,2,3,7,58,noisy,4,fc1,28.099789478382394,0.01261929301109308,1.1856268513998476e-07,3.334788769479578e-06,44.70622100177637,0.022655701648950238,3.1804792442263212e-06,0.0001422239109989944
CLW-Noisy-Fast,42,2,3,7,58,noisy,4,fc2,1.5503430132407081,0.25991742901444925,6.378242865368011e-07,1.223287636178257e-06,1.9174418463933809,0.46961252998493863,2.2739095010171263e-05,4.93947425889496e-05
CLW-Noisy-Fast,42,2,4,8,59,noisy,4,conv1,104.65719131782626,0.023334848298450683,5.411921198625711e-08,5.669192321864997e-06,43.40645283223092,0.009425364975424377,6.479572232525872e-08,2.8158102104951655e-06
CLW-Noisy-Fast,42,2,4,8,59,noisy,4,conv2,49.102062640406764,0.002091773338630616,5.794532857375814e-08,2.8455505951327575e-06,33.815842039303746,0.033435010871600813,7.9089191918962e-07,2.6760720608538838e-05
CLW-Noisy-Fast,42,2,4,8,59,noisy,4,fc1,38.050562221772495,-0.00013508609648601593,8.730872850681664e-08,3.3209843292732578e-06,62.32349661016614,0.015661239853700402,2.2902876200052113e-06,0.000142756402664483
CLW-Noisy-Fast,42,2,4,8,59,noisy,4,fc2,2.4475497510399316,0.05210985918490445,3.447133277604275e-07,8.531599596528898e-07,2.786108813917253,0.36804053337159454,1.5336637266537544e-05,4.5933434586240884e-05
CLW-Noisy-Fast,42,3,1,9,58,noisy,4,conv1,103.66040914505082,0.00448795955669162,4.97647506006316e-08,5.159591317023607e-06,40.98812590501251,-0.009207648380507867,6.098173005924996e-08,2.494574875179352e-06
CLW-Noisy-Fast,42,3,1,9,58,noisy,4,conv2,49.918294206541276,0.002202330378430982,5.313196967256328e-08,2.6527223779473566e-06,35.40776764203041,0.011751955654725628,7.506941011052075e-07,2.6579100800532415e-05
CLW-Noisy-Fast,42,3,1,9,58,noisy,4,fc1,45.3667710394784,0.0027643118888343605,7.321451181196422e-08,3.321779083107499e-06,77.59765961066245,0.013118590070364141,1.8305030387437027e-06,0.00014205514201023995
CLW-Noisy-Fast,42,3,1,9,58,noisy,4,fc2,3.086630200887266,0.07751562954256656,2.862552088935142e-07,9.464577884604635e-07,3.5779991041203085,0.22919752483905667,1.182621855111912e-05,4.3434461111906536e-05
CLW-Noisy-Fast,42,3,2,10,59,noisy,4,conv1,75.96117209061866,-0.00871805453461113,7.197886125983249e-08,5.464978504584128e-06,27.809636352095875,-0.003114878466888297,8.625053666014982e-08,2.395504206315113e-06
CLW-Noisy-Fast,42,3,2,10,59,noisy,4,conv2,30.133996150862828,0.011548508390317106,8.707651632506709e-08,2.62795398851802e-06,24.902390576922706,0.0424200826114334,1.063726690092994e-06,2.651476036627315e-05
CLW-Noisy-Fast,42,3,2,10,59,noisy,4,fc1,38.51945303642008,0.010048314712242282,8.643649367559891e-08,3.33228906347498e-06,67.02541152285274,0.015598319065745095,2.1321707890790285e-06,0.0001429271563438694
CLW-Noisy-Fast,42,3,2,10,59,noisy,4,fc2,2.491711143473704,0.11322939445647948,3.7039309950732174e-07,1.0129177302672571e-06,2.845230023976776,0.31572143701553324,1.4814042598392022e-05,4.442153980489165e-05
CLW-Noisy-Fast,42,3,3,11,58,noisy,4,conv1,67.43951114550386,-0.0013723350285346388,7.695405062078973e-08,5.188870358620789e-06,23.64645439113048,-0.005963361903678359,9.064810761126053e-08,2.1382855829112807e-06
CLW-Noisy-Fast,42,3,3,11,58,noisy,4,conv2,32.844509600595465,0.002874609537365513,7.83004772181357e-08,2.5719244939461787e-06,27.14460990361212,0.02259893873641295,9.78935826994322e-07,2.6577803463098367e-05
CLW-Noisy-Fast,42,3,3,11,58,noisy,4,fc1,47.99681157467488,0.006415213613467277,6.98415392322815e-08,3.3538532314232417e-06,83.6225409150803,0.011742524578924598,1.700376960565583e-06,0.00014219980895311147
CLW-Noisy-Fast,42,3,3,11,58,noisy,4,fc2,3.206286052680116,0.05557566893603845,2.5507840480334623e-07,8.59858280591588e-07,3.9078539779329957,0.2688574720188926,1.0722379186114335e-05,4.349823414802644e-05
CLW-Noisy-Fast,42,3,4,12,59,noisy,4,conv1,63.54409645074177,-0.013443837980856296,9.225925058177006e-08,5.858334202699965e-06,27.876783118326234,0.07030010296996721,1.0605749614447421e-07,2.985829899900718e-06
CLW-Noisy-Fast,42,3,4,12,59,noisy,4,conv2,44.43307545680338,0.005344996132649273,6.585197129490201e-08,2.92748752131713e-06,27.55530172970365,0.027610635004254844,9.664665579208452e-07,2.6641498127287697e-05
CLW-Noisy-Fast,42,3,4,12,59,noisy,4,fc1,62.86550052641334,-0.0003836317155979475,5.321231688598004e-08,3.3447234495739997e-06,99.88953681604342,0.010963885793969065,1.4294817625448577e-06,0.000142798965871908
CLW-Noisy-Fast,42,3,4,12,59,noisy,4,fc2,4.3337260295088935,0.03343747167475507,2.323057758434156e-07,1.020942315467733e-06,4.418441703405545,0.22034151801059845,9.640869083783322e-06,4.3676231274635876e-05
CLW-Noisy-Fast,42,4,1,13,58,noisy,4,conv1,44.972965609147515,0.014204069185599523,1.1708429671392402e-07,5.268731950068098e-06,16.57638523602438,0.029522036827327822,1.529841624791079e-07,2.54747865615865e-06
CLW-Noisy-Fast,42,4,1,13,58,noisy,4,conv2,31.904875149503997,0.013338740608888497,8.586469787360873e-08,2.744201034097284e-06,23.078760976080567,0.056780525308112444,1.1724305007743955e-06,2.7101607345036378e-05
CLW-Noisy-Fast,42,4,1,13,58,noisy,4,fc1,52.47041176360487,0.0017914960922686444,6.343717542866142e-08,3.3286745489638362e-06,85.10099287504104,0.012104084666472071,1.6701910512782757e-06,0.00014214549126557825
CLW-Noisy-Fast,42,4,1,13,58,noisy,4,fc2,3.3470338265051955,0.08151885349365295,2.6762472956932415e-07,9.67471248519778e-07,3.834358064366762,0.2751037755491755,1.1127060278627017e-05,4.4369969133835345e-05
CLW-Noisy-Fast,42,4,2,14,59,noisy,4,conv1,53.78386399381904,0.013131360640611017,9.9946881295273e-08,5.378409274752824e-06,17.214017118437003,-0.00042240644137552603,1.5038912460656605e-07,2.584219328467054e-06
CLW-Noisy-Fast,42,4,2,14,59,noisy,4,conv2,34.022132002053226,0.009719677116057401,8.248021928195388e-08,2.8092393423309797e-06,24.732371106819645,0.038321460373110065,1.0839819428680098e-06,2.6830547748125058e-05
CLW-Noisy-Fast,42,4,2,14,59,noisy,4,fc1,64.70024212641577,0.0036580341299265262,5.172807326237822e-08,3.347765944883285e-06,109.3231517574526,0.00885101312152433,1.3071970347513623e-06,0.00014291266284224716
CLW-Noisy-Fast,42,4,2,14,59,noisy,4,fc2,5.000071551219031,0.02716706051542107,1.763923559995683e-07,8.998509904276075e-07,5.705863995681274,0.1926998478385105,7.381777373977865e-06,4.291902154141596e-05
CLW-Noisy-Fast,42,4,3,15,58,noisy,4,conv1,45.79404986265416,0.010455945575790023,1.1873684869640958e-07,5.439355101256514e-06,15.88091995567136,0.020348595242261867,1.6075526925327218e-07,2.5591383836337164e-06
CLW-Noisy-Fast,42,4,3,15,58,noisy,4,conv2,38.65638194178661,0.008003009034678848,6.703415697794394e-08,2.594093543218333e-06,28.684652041311068,0.03701075300118168,9.248006630885538e-07,2.654713455172482e-05
CLW-Noisy-Fast,42,4,3,15,58,noisy,4,fc1,71.51343478998537,0.0017820089988626912,4.639562131512897e-08,3.3182771237515907e-06,125.09884947839946,0.006839870221752053,1.1352742783133715e-06,0.00014202490708422423
CLW-Noisy-Fast,42,4,3,15,58,noisy,4,fc2,5.747206456283811,0.023095560987639555,1.6942677964567952e-07,9.86594864093678e-07,6.748879016872715,0.12102969223083021,6.3587525300295305e-06,4.322017306765966e-05
CLW-Noisy-Fast,42,4,4,16,59,noisy,4,conv1,55.38045744367529,0.027209719732199912,9.899916640686024e-08,5.4894364492618584e-06,20.082175504844194,0.06060654472642245,1.449937744957984e-07,2.937764791607502e-06
CLW-Noisy-Fast,42,4,4,16,59,noisy,4,conv2,42.22587737797159,0.000830671279774892,6.769940356252249e-08,2.8582540835358112e-06,29.19080236052822,0.013437071329804042,9.001168084155114e-07,2.6272348134912162e-05
CLW-Noisy-Fast,42,4,4,16,59,noisy,4,fc1,72.91674016966041,0.000615695443832817,4.527405413743684e-08,3.3012132884177628e-06,121.53616169182781,0.0068303117735985155,1.172982289380353e-06,0.00014256312096438544
CLW-Noisy-Fast,42,4,4,16,59,noisy,4,fc2,5.562013270442274,0.016686493022340522,1.6278958675960223e-07,9.119510505456164e-07,6.264005792156798,0.16586828867468922,6.810456071229346e-06,4.326233932440169e-05
CLW-Noisy-Fast,42,5,1,17,58,noisy,4,conv1,50.44578510718418,0.0029666180089209138,1.1876361114128218e-07,5.9908443833390445e-06,15.194656889898878,-0.03473847363631551,1.768771773090263e-07,2.6626542219949183e-06
CLW-Noisy-Fast,42,5,1,17,58,noisy,4,conv2,42.41897806635441,0.0044976297939650755,6.462563023986887e-08,2.7425650404936915e-06,28.912718909921182,0.03597986611351035,9.081030277653797e-07,2.6274112512035793e-05
CLW-Noisy-Fast,42,5,1,17,58,noisy,4,fc1,67.90431373119635,0.003425607941806917,4.867010000213032e-08,3.3058224377920297e-06,117.37738420488202,0.00851677810169478,1.210783831613261e-06,0.00014212397090725002
CLW-Noisy-Fast,42,5,1,17,58,noisy,4,fc2,4.736505907591465,-0.0006146310715772944,1.926088846643389e-07,8.909259188199164e-07,5.628391932506932,0.1566192804674359,7.471161969298229e-06,4.2572059667933034e-05
CLW-Noisy-Fast,42,5,2,18,59,noisy,4,conv1,44.9810641964271,-0.008321282166953539,1.261165155591767e-07,5.668981262544299e-06,15.020507708663246,0.010513261692994416,1.882499844368625e-07,2.827055682536904e-06
CLW-Noisy-Fast,42,5,2,18,59,noisy,4,conv2,34.48220293125736,0.007952416919486909,7.521684173096938e-08,2.5962497867360117e-06,26.86429162854467,0.037055980224435625,9.805266231520046e-07,2.63606912417499e-05
CLW-Noisy-Fast,42,5,2,18,59,noisy,4,fc1,81.68123879662872,0.0016654286243117863,4.041050426277595e-08,3.3011862038955797e-06,135.25590342856052,0.006850807924244437,1.055460104267382e-06,0.00014276072235434314
CLW-Noisy-Fast,42,5,2,18,59,noisy,4,fc2,5.395842166556265,0.037443729469266544,1.5360218597910548e-07,8.649761425233099e-07,5.781690422831167,0.14725827392128074,7.384467459028746e-06,4.315623611051777e-05
CLW-Noisy-Fast,42,5,3,19,58,noisy,4,conv1,50.514820733839116,-0.01877191769349575,1.1730530838932201e-07,5.9191749545827e-06,10.016922333166164,0.03925399345973969,1.815801644394699e-07,1.838500994678696e-06
CLW-Noisy-Fast,42,5,3,19,58,noisy,4,conv2,54.05976946618447,0.003689192690471283,5.3069094469340235e-08,2.8699478235159364e-06,33.03156723040161,0.04684933623973095,7.995596773270386e-07,2.6437896588464348e-05
CLW-Noisy-Fast,42,5,3,19,58,noisy,4,fc1,93.31504219885414,0.000825856837678621,3.5714146876172666e-08,3.3328463740221126e-06,153.67737332377052,0.006257523837556476,9.235163521101309e-07,0.00014192653927303203
CLW-Noisy-Fast,42,5,3,19,58,noisy,4,fc2,5.446196270229576,0.059334208375985395,1.891503140230391e-07,1.0809128662306278e-06,5.492697894095306,0.19655144437554034,7.606064035059515e-06,4.2606561451797426e-05
CLW-Noisy-Fast,42,5,4,20,59,noisy,4,conv1,33.526228821951904,0.008644147323508768,1.4467166333185389e-07,4.8512041282490285e-06,11.14269121113582,0.004371351042834711,2.1263533979835966e-07,2.3625617583857964e-06
CLW-Noisy-Fast,42,5,4,20,59,noisy,4,conv2,48.24839925418766,-0.007128161953657729,5.605565946400785e-08,2.7010262042438056e-06,32.742126104916174,0.03465803635763048,8.112361056073189e-07,2.657867260533635e-05
CLW-Noisy-Fast,42,5,4,20,59,noisy,4,fc1,79.37615955710751,0.002525477464201509,4.243539897093587e-08,3.3690279604203804e-06,137.0428424119809,0.007234791831309314,1.0411040226077094e-06,0.00014267977611765291
CLW-Noisy-Fast,42,5,4,20,59,noisy,4,fc2,6.301688605169579,0.061835904058315,1.6832114048778104e-07,1.1151986405277778e-06,5.8333785251262125,0.20055483401080612,7.364140718134938e-06,4.382932415263144e-05
CLW-Clean-Slow,42,1,1,1,234,clean,1,conv1,1.729892150299105,0.3819727817366864,3.7076120715851123e-06,6.907987617192515e-06,1.4636684765628132,0.5422685337481037,2.2876824027717275e-06,4.173426066829423e-06
CLW-Clean-Slow,42,1,1,1,234,clean,1,conv2,8.63293338372502,0.06032278170218748,3.7037507945449866e-07,3.2172659288604904e-06,10.82934195384378,0.10455928296963973,2.9354995341071576e-06,3.196543913792627e-05
CLW-Clean-Slow,42,1,1,1,234,clean,1,fc1,12.390793294837602,0.04402873464409709,3.297065927003447e-07,4.097353013822088e-06,15.990859933570723,0.06130618985062364,1.0664344872080065e-05,0.0001708536895102929
CLW-Clean-Slow,42,1,1,1,234,clean,1,fc2,0.6345120006556102,0.7278039049156557,2.1050423671093937e-06,2.6070626012571475e-06,0.582648544436056,0.8625937434629483,8.993768277871545e-05,0.00010360892534248504
CLW-Clean-Slow,42,2,1,2,234,clean,1,conv1,84.46174240258001,0.0611019309661017,7.870710101972291e-08,6.661353869077947e-06,34.52779241077788,-0.006196188446159293,9.62405074093532e-08,3.3191506335144174e-06
CLW-Clean-Slow,42,2,1,2,234,clean,1,conv2,32.57984147486061,0.006649936227043913,1.0360692023957436e-07,3.3765986565363974e-06,20.982199451453113,0.04021550181157127,1.5138043225141526e-06,3.178907551975039e-05
CLW-Clean-Slow,42,2,1,2,234,clean,1,fc1,20.4536693840074,0.013910395293444061,1.9385780033960323e-07,3.9665904362751696e-06,28.558728865018562,0.03417029978785269,5.966487266893647e-06,0.00017049502807055903
CLW-Clean-Slow,42,2,1,2,234,clean,1,fc2,0.7991831315428253,0.46728004140583174,1.2885485635785103e-06,1.437100570335971e-06,0.9151689267695402,0.7510347373043093,5.647619118883539e-05,7.822604291152151e-05
CLW-Clean-Slow,42,3,1,3,234,clean,1,conv1,54.981647545505034,-0.009247308909050912,1.2204840858379295e-07,6.706860647520167e-06,21.559604950485365,0.08726567356617772,1.5189264087614752e-07,3.311092769429237e-06
CLW-Clean-Slow,42,3,1,3,234,clean,1,conv2,36.59168192408338,0.014396379226100086,9.117405306663959e-08,3.340629288115574e-06,21.339190678298635,0.031014120158953922,1.4943303363172358e-06,3.1900141058784875e-05
CLW-Clean-Slow,42,3,1,3,234,clean,1,fc1,34.89054251266576,0.008008297169318999,1.1500835140539157e-07,4.0140073784377825e-06,48.37625177992542,0.021563636010946043,3.525138620037165e-06,0.00017057276156401925
CLW-Clean-Slow,42,3,1,3,234,clean,1,fc2,1.5031222060419582,0.2764572171066615,7.655061311120849e-07,1.3673541922312642e-06,1.304289205095613,0.6059519623069841,3.933818072399744e-05,6.451225754199117e-05
CLW-Clean-Slow,42,4,1,4,234,clean,1,conv1,43.45131174013045,0.06533861810083454,1.557054537875435e-07,6.78369200895059e-06,12.891324020027922,0.10381309593405888,2.5101681309410527e-07,3.2843836971436414e-06
CLW-Clean-Slow,42,4,1,4,234,clean,1,conv2,33.41804076332627,0.008117938102960945,9.565453059478984e-08,3.198505212070749e-06,20.2803369738602,0.03866511072279192,1.5582732182772777e-06,3.1625417826705576e-05
CLW-Clean-Slow,42,4,1,4,234,clean,1,fc1,46.89135337219515,0.0021108955333103137,8.468548333097787e-08,3.97087114773364e-06,66.71461274658887,0.013181187906076903,2.5542830047898125e-06,0.0001704226729717233
CLW-Clean-Slow,42,4,1,4,234,clean,1,fc2,1.8702685912472132,0.1902556896296356,6.047449115355656e-07,1.258418845039231e-06,1.753862581981562,0.5002483463113744,2.931154354817498e-05,5.938066239693663e-05
CLW-Clean-Slow,42,5,1,5,234,clean,1,conv1,27.938784337615036,0.018543874855998902,2.1307714219134517e-07,5.956398511652494e-06,8.365285054458665,0.02434018020079439,3.5587792017858907e-07,2.9725794150433013e-06
CLW-Clean-Slow,42,5,1,5,234,clean,1,conv2,42.73028350349034,-0.008904016411366287,7.843708586162721e-08,3.347407019899641e-06,23.459394471031857,0.06096861489154057,1.35265740958336e-06,3.1788204290160114e-05
CLW-Clean-Slow,42,5,1,5,234,clean,1,fc1,63.564208162477804,0.005135932400311831,6.298276931109723e-08,4.004624272030806e-06,92.33547077098197,0.010673617644279397,1.8446366036759793e-06,0.00017033524522764952
CLW-Clean-Slow,42,5,1,5,234,clean,1,fc2,2.436483441175281,0.26473746243454976,5.133218046390044e-07,1.4955645956660454e-06,1.9354887716058997,0.482147764282882,2.6706329436000426e-05,5.897817103197329e-05
CLW-Clean-Fast,42,1,1,1,58,clean,4,conv1,0.32996802421489385,0.9420226388120727,2.0891072855322958e-05,2.0192626946287534e-05,0.25012107225367514,0.9661073050301996,1.2863028591543128e-05,1.354857863827156e-05
CLW-Clean-Fast,42,1,1,1,58,clean,4,conv2,1.3633032675052976,0.5172563709046478,2.0550515715931664e-06,3.4693381360572868e-06,2.454710781167834,0.37600750003414474,1.0905169517665155e-05,2.8904140280980293e-05
CLW-Clean-Fast,42,1,1,1,58,clean,4,fc1,6.466757499791882,0.10144801863482394,5.176224108433795e-07,3.390541068062652e-06,10.995312547755505,0.08931639788928232,1.2949848574348624e-05,0.00014295952125495276
CLW-Clean-Fast,42,1,1,1,58,clean,4,fc2,0.4940013633497743,0.7872904059663453,2.525870920515659e-06,2.8288487332816816e-06,0.48831013947517904,0.8999981186561835,9.611927178521507e-05,0.00010770538357670074
CLW-Clean-Fast,42,1,2,2,59,clean,4,conv1,29.458974358793242,-0.09048418881220348,1.8555593419298568e-07,5.429814907897995e-06,23.757935638546197,0.013298492460791343,1.0852347001409509e-07,2.582633273735997e-06
CLW-Clean-Fast,42,1,2,2,59,clean,4,conv2,58.49516309820331,-0.006272575348293039,4.8681775801200196e-08,2.8447815763029967e-06,43.22917078832277,0.0056552520537929,6.151563922456617e-07,2.658931977895752e-05
CLW-Clean-Fast,42,1,2,2,59,clean,4,fc1,14.678789710543759,0.02879401170264259,2.2867698403562178e-07,3.364095627284469e-06,22.387831190327994,0.04738881878655201,6.385983913581827e-06,0.00014312893591289695
CLW-Clean-Fast,42,1,2,2,59,clean,4,fc2,0.5517035190868632,0.6634369601653031,1.6859543871034569e-06,1.893574830803471e-06,0.7023124328666092,0.811318418740841,6.462865404477039e-05,7.762043087293705e-05
CLW-Clean-Fast,42,1,3,3,58,clean,4,conv1,70.95861324489971,0.0060020282643365366,7.195275649950569e-08,5.106839163399704e-06,52.5280194636018,0.0202088828139589,4.501887946519798e-08,2.3738183503989202e-06
CLW-Clean-Fast,42,1,3,3,58,clean,4,conv2,70.46367650894614,-0.005185432507270207,4.077042265237776e-08,2.8705979299656287e-06,49.23127073183654,0.03581466078417258,5.428940213136536e-07,2.6742688382279208e-05
CLW-Clean-Fast,42,1,3,3,58,clean,4,fc1,29.103214174837916,0.008771024143454358,1.1545555280040016e-07,3.361796307536909e-06,43.60971391129868,0.022136875564461943,3.259581005494506e-06,0.00014218439266604224
CLW-Clean-Fast,42,1,3,3,58,clean,4,fc2,1.1949274921100232,0.2769849125732329,6.994335921325164e-07,1.0886137323086521e-06,1.3589675816400628,0.5639247888548721,3.1524343771277624e-05,5.181692251686694e-05
CLW-Clean-Fast,42,1,4,4,59,clean,4,conv1,98.24428861371652,-0.0162761213444401,5.1956436998663146e-08,5.1002216991308945e-06,66.09458945403175,0.0011971616385728378,4.1028744910433477e-08,2.7120243457941486e-06
CLW-Clean-Fast,42,1,4,4,59,clean,4,conv2,40.74162296833377,-0.007516275438306431,6.516348965119698e-08,2.6507840485927624e-06,32.71697479380437,0.037423437895996524,8.094478039133659e-07,2.6502066184527647e-05
CLW-Clean-Fast,42,1,4,4,59,clean,4,fc1,29.14210014175972,0.00906538010260105,1.1623186380543898e-07,3.389005638090745e-06,45.09092913255125,0.020564501226358094,3.166821396425554e-06,0.00014282512700349858
CLW-Clean-Fast,42,1,4,4,59,clean,4,fc2,1.3262279190455561,0.334977873555663,8.737480889332676e-07,1.4480998631441195e-06,1.2616675699130626,0.6232335132421845,3.483365653921761e-05,5.6215090507280045e-05
CLW-Clean-Fast,42,2,1,5,58,clean,4,conv1,119.07538314260998,0.000315336886659289,4.7154352181645924e-08,5.614914657400629e-06,46.00550798886192,0.0016658255014505548,5.455579594965861e-08,2.510074775548186e-06
CLW-Clean-Fast,42,2,1,5,58,clean,4,conv2,28.762286949854044,0.005005241372217535,9.455296336855813e-08,2.7202582824940486e-06,25.25261898800278,0.038045430818566255,1.028446920547578e-06,2.599125557405416e-05
CLW-Clean-Fast,42,2,1,5,58,clean,4,fc1,32.252303509259676,0.003189339705931514,1.0355045646295135e-07,3.3394528670121128e-06,53.40205699601635,0.018486116436552236,2.6577855685605096e-06,0.000141955653879608
CLW-Clean-Fast,42,2,1,5,58,clean,4,fc2,0.9739606232353545,0.2866856670598234,8.87204085468301e-07,1.0273992649256401e-06,1.386376680916328,0.5823351508098801,3.072355923411832e-05,5.2411190181407206e-05
CLW-Clean-Fast,42,2,2,6,59,clean,4,conv1,89.90127067303705,0.022643975444052562,6.477675464772541e-08,5.828596424139907e-06,38.69852816093968,-0.009039937650683246,6.675146829146482e-08,2.5782533034624402e-06
CLW-Clean-Fast,42,2,2,6,59,clean,4,conv2,31.445239326060726,-0.0022589212403035888,8.42409236898967e-08,2.6466240443719916e-06,26.94557771338004,0.01975888869738705,9.916485701012858e-07,2.672250430737695e-05
CLW-Clean-Fast,42,2,2,6,59,clean,4,fc1,40.030348367978476,0.004814363892845184,8.384131892895851e-08,3.3570281225948593e-06,67.31280081687375,0.011682313757137044,2.116384222926632e-06,0.00014246890400790614
CLW-Clean-Fast,42,2,2,6,59,clean,4,fc2,1.3605104790952558,0.3537725736231573,6.711204095033755e-07,1.308500714458759e-06,1.7301774176799576,0.47932579157976696,2.532707762759734e-05,4.991686739734546e-05
CLW-Clean-Fast,42,2,3,7,58,clean,4,conv1,59.03682514922973,0.0742759200891391,8.700415898682832e-08,5.156679978459265e-06,22.839895975597265,-0.019843685527332514,9.708889392438133e-08,2.204495544603685e-06
CLW-Clean-Fast,42,2,3,7,58,clean,4,conv2,30.70526806891931,-0.002483023565492513,8.82183805718203e-08,2.706226497376382e-06,24.27596238201094,0.02131518525299024,1.0829356447270816e-06,2.6290919694329507e-05
CLW-Clean-Fast,42,2,3,7,58,clean,4,fc1,45.16896279841613,0.005857936147220399,7.374592835542565e-08,3.3324464077997155e-06,75.88990069811412,0.013289748505770234,1.8733778030803684e-06,0.0001421831804575009
CLW-Clean-Fast,42,2,3,7,58,clean,4,fc2,1.3935394393976506,0.28422045476825825,7.255290711494769e-07,1.2582571925790332e-06,1.5998131253509658,0.5452177026291828,2.741527794557356e-05,5.231780216392733e-05
CLW-Clean-Fast,42,2,4,8,59,clean,4,conv1,72.30620060191119,0.02540036155690478,7.830278492043134e-08,5.667781846235297e-06,29.86292867100998,0.01746634484814977,9.388283609340475e-08,2.8099406945704403e-06
CLW-Clean-Fast,42,2,4,8,59,clean,4,conv2,51.239311806619725,0.002002139358074835,5.549460016495049e-08,2.843830049232334e-06,33.57205193982548,0.036038078145908904,7.968429254869866e-07,2.676989518647121e-05
CLW-Clean-Fast,42,2,4,8,59,clean,4,fc1,60.8535353570755,-0.0010785779765325153,5.459731637290297e-08,3.3216683826458755e-06,110.02165521614346,0.008201980286733941,1.2972657046525095e-06,0.00014273223249652845
CLW-Clean-Fast,42,2,4,8,59,clean,4,fc2,1.7767889193095312,0.10478664198128117,4.80740760179769e-07,8.933562220523193e-07,2.097533015786109,0.46107338626837335,2.0568582133801043e-05,4.858781400934588e-05
CLW-Clean-Fast,42,3,1,9,58,clean,4,conv1,63.244700279848246,0.019274917055147084,8.150935227172935e-08,5.159762808547395e-06,25.241622165998866,-0.012289401386459791,9.926863152918244e-08,2.497626556945068e-06
CLW-Clean-Fast,42,3,1,9,58,clean,4,conv2,47.12414199587016,0.0016202493064165515,5.620871034147986e-08,2.6489407500737583e-06,34.504542525316985,0.013547951621026576,7.708362247882126e-07,2.65971682856722e-05
CLW-Clean-Fast,42,3,1,9,58,clean,4,fc1,74.29059500977469,-0.00014516115723224276,4.470795960021376e-08,3.321104106694594e-06,144.98358417369266,0.007621386574050154,9.796572874337417e-07,0.00014203851143296408
CLW-Clean-Fast,42,3,1,9,58,clean,4,fc2,2.1154684518993427,0.14535595339481458,4.263947005141292e-07,1.0244720966981312e-06,2.5326975158039864,0.3248381639732644,1.6799027143138505e-05,4.493424795967277e-05
CLW-Clean-Fast,42,3,2,10,59,clean,4,conv1,39.91252232529517,-0.012398395757516664,1.378446588354984e-07,5.496077356264233e-06,16.213037081402767,0.0004579353802434708,1.4830976162454017e-07,2.40024848634391e-06
CLW-Clean-Fast,42,3,2,10,59,clean,4,conv2,29.190612207338734,0.009125953954519324,8.98261642597794e-08,2.624870865565994e-06,25.063661371398748,0.0421650649766154,1.0571956674183628e-06,2.652232745646788e-05
CLW-Clean-Fast,42,3,2,10,59,clean,4,fc1,70.29949821173838,0.004598715563334707,4.736125089211923e-08,3.330804455345507e-06,147.63037455190613,0.007054754795562754,9.679296115572147e-07,0.0001428995585107268
CLW-Clean-Fast,42,3,2,10,59,clean,4,fc2,1.8755782317207976,0.1937873189905131,4.996160247363959e-07,1.1094564736374638e-06,2.2416564055641457,0.3956499705640496,1.8929659906266524e-05,4.6208754754099634e-05
CLW-Clean-Fast,42,3,3,11,58,clean,4,conv1,38.627307504730254,0.001594483613057783,1.3507882067534199e-07,5.216542068209167e-06,14.105312128879254,0.0007671677818658385,1.5323924119991856e-07,2.156536009504958e-06
CLW-Clean-Fast,42,3,3,11,58,clean,4,conv2,41.0127962017291,0.0046621850316871894,6.266258481241926e-08,2.5713509261776e-06,31.27802263437762,0.012466717628083093,8.497540593250857e-07,2.657613568010876e-05
CLW-Clean-Fast,42,3,3,11,58,clean,4,fc1,96.70420239114111,0.0022780177062726933,3.4665406501428745e-08,3.3529664145056175e-06,211.68317653789455,0.004245592677913799,6.716458749410211e-07,0.00014217763897664997
CLW-Clean-Fast,42,3,3,11,58,clean,4,fc2,2.5026626656647633,0.07678029409646797,3.285916091142865e-07,8.752263029623503e-07,3.132606168807353,0.31575423384854145,1.3448457029384714e-05,4.440399373991756e-05
CLW-Clean-Fast,42,3,4,12,59,clean,4,conv1,32.548444362867905,-0.020044617749293447,1.8065272158447967e-07,5.8701902813533355e-06,14.990596629938127,0.11110044842561184,1.935694061068314e-07,2.954978909533114e-06
CLW-Clean-Fast,42,3,4,12,59,clean,4,conv2,49.21335872263743,0.007825776715446387,5.930227666675923e-08,2.9210557453339027e-06,30.89995894691604,0.026203145437621898,8.624402352727731e-07,2.6659031747389287e-05
CLW-Clean-Fast,42,3,4,12,59,clean,4,fc1,113.7168930092945,-0.0010157489396308782,2.9409949745403516e-08,3.3440589114487233e-06,261.91984610908617,0.0037776812673441006,5.451324066054311e-07,0.00014278230312709183
CLW-Clean-Fast,42,3,4,12,59,clean,4,fc2,3.3303897546430195,0.05076423159184615,2.998033619401126e-07,1.019615195262561e-06,3.5285615040647036,0.2816903684171818,1.2152860633472008e-05,4.469642016942337e-05
CLW-Clean-Fast,42,4,1,13,58,clean,4,conv1,28.96013186611092,0.02626713922118175,1.81123164266393e-07,5.252019665196625e-06,10.528382505994621,0.05524735056623972,2.4364448885782976e-07,2.588636023469745e-06
CLW-Clean-Fast,42,4,1,13,58,clean,4,conv2,42.132861448009024,0.015674026771539843,6.493630331524931e-08,2.7419661421970745e-06,28.65542260287495,0.03930197509372941,9.440275734520457e-07,2.707364197034601e-05
CLW-Clean-Fast,42,4,1,13,58,clean,4,fc1,112.4082809360937,-0.0005262466954483394,2.960749435601091e-08,3.3279345508401543e-06,268.05313994735474,0.004110619460507138,5.302026243273651e-07,0.0001421239657240995
CLW-Clean-Fast,42,4,1,13,58,clean,4,fc2,2.8182847468751655,0.10811214996010328,3.165540046225878e-07,9.897895005135299e-07,3.2337075278059104,0.32393738850999426,1.3288792161860668e-05,4.540443829126251e-05
CLW-Clean-Fast,42,4,2,14,59,clean,4,conv1,30.320342738145584,0.04004122031013723,1.7928577313170945e-07,5.44762755594039e-06,10.098963575019335,0.013586738060254783,2.5702667845378153e-07,2.5917057812878555e-06
CLW-Clean-Fast,42,4,2,14,59,clean,4,conv2,35.397933897518286,0.012495176577115822,7.932923919026356e-08,2.8124451273598106e-06,27.70564930094909,0.037999393851110876,9.67908743911545e-07,2.6837317612043834e-05
CLW-Clean-Fast,42,4,2,14,59,clean,4,fc1,119.39808014306395,0.0015619625093773678,2.803149552710224e-08,3.3474192029786952e-06,309.96429407567837,0.003044839029460193,4.6100928758998807e-07,0.00014289740971915765
CLW-Clean-Fast,42,4,2,14,59,clean,4,fc2,2.862520187993345,0.07678629310584062,3.186489978237699e-07,9.6501941659841e-07,3.927701558168156,0.2629156596290263,1.079777818940037e-05,4.395629569860511e-05
CLW-Clean-Fast,42,4,3,15,58,clean,4,conv1,28.745356384803564,-0.013082305363828881,1.9055061259095339e-07,5.4692759437919165e-06,9.910521571368083,0.03624585075006277,2.587471875933115e-07,2.574805437089947e-06
CLW-Clean-Fast,42,4,3,15,58,clean,4,conv2,50.2166532045309,0.005530770087279108,5.16840868243943e-08,2.5973537921010824e-06,33.496268237857706,0.03528102979938805,7.921055742016856e-07,2.655007917981085e-05
CLW-Clean-Fast,42,4,3,15,58,clean,4,fc1,139.60420567130765,0.0005533342317680469,2.3769032755670286e-08,3.318491313856562e-06,386.6624331285376,0.0018192039712112246,3.6727724022914717e-07,0.00014201290403398085
CLW-Clean-Fast,42,4,3,15,58,clean,4,fc2,4.385324639083513,0.04119974053347715,2.2329258090049393e-07,1.0049336190598022e-06,5.09516089748144,0.17521743568794748,8.450891653210743e-06,4.37320568909379e-05
CLW-Clean-Fast,42,4,4,16,59,clean,4,conv1,32.487639164103086,0.054942686790390376,1.6769392919411753e-07,5.464732555774698e-06,12.789265975634075,0.09233795169582214,2.275751215644721e-07,2.9543601932891177e-06
CLW-Clean-Fast,42,4,4,16,59,clean,4,conv2,55.35531663468254,-0.0024255920855910185,5.158732395092736e-08,2.8542472307269746e-06,36.516035750452346,0.003833957798237535,7.197381101208852e-07,2.6275067667378765e-05
CLW-Clean-Fast,42,4,4,16,59,clean,4,fc1,154.70568454908167,-0.0003970407587574588,2.1337216846091183e-08,3.3009457359234802e-06,403.7044973185337,0.0010147714072548648,3.5311117187005517e-07,0.00014255289994990838
CLW-Clean-Fast,42,4,4,16,59,clean,4,fc2,4.350177739422313,0.02301138412278585,2.0756010326196444e-07,9.093439870270551e-07,4.956475486489152,0.19870653586155987,8.632130272490332e-06,4.366019547801092e-05
CLW-Clean-Fast,42,5,1,17,58,clean,4,conv1,33.1360799781412,0.00747639230894681,1.8061526931742613e-07,5.984789330900863e-06,10.061753713794397,-0.025242126867946447,2.6721416202477363e-07,2.659153216717879e-06
CLW-Clean-Fast,42,5,1,17,58,clean,4,conv2,54.03983935072101,0.0022975504287147913,5.065403269802236e-08,2.737876844691881e-06,35.77908320678179,0.027702973959183745,7.334704339599121e-07,2.6254066695971333e-05
CLW-Clean-Fast,42,5,1,17,58,clean,4,fc1,150.81640936536448,0.0013659187232568971,2.1909581299366098e-08,3.3048458288824096e-06,389.623218159576,0.0022603850486139815,3.64728681630958e-07,0.00014210752459872412
CLW-Clean-Fast,42,5,1,17,58,clean,4,fc2,4.065573492151279,0.012619192014834947,2.246737633491562e-07,9.023493517245475e-07,4.515324650139714,0.20739942710532272,9.358842645137798e-06,4.320057937245489e-05
CLW-Clean-Fast,42,5,2,18,59,clean,4,conv1,22.52729880814233,0.02425156170955866,2.522912913827817e-07,5.688252812679887e-06,8.323702163365512,0.03023005019129309,3.403402655648293e-07,2.833416743849876e-06
CLW-Clean-Fast,42,5,2,18,59,clean,4,conv2,46.8655430915342,0.005232427815267303,5.5370952616525224e-08,2.596751570091743e-06,34.977038365011836,0.030984332589468217,7.52707327411918e-07,2.6341255642619646e-05
CLW-Clean-Fast,42,5,2,18,59,clean,4,fc1,158.6271544554189,0.0005079324829815667,2.0805995622131588e-08,3.3006533899647847e-06,405.8821783040533,0.0016972935077995707,3.517013312592352e-07,0.00014274988390290322
CLW-Clean-Fast,42,5,2,18,59,clean,4,fc2,3.4740234332653968,0.0722534817162234,2.431662846454151e-07,9.11616709154087e-07,4.159731257943746,0.20962230256977232,1.0328277548499534e-05,4.392914776873619e-05
CLW-Clean-Fast,42,5,3,19,58,clean,4,conv1,30.421281824981175,-0.03535594217042773,1.9486223909045556e-07,5.911929935766057e-06,5.978455546179201,0.05983723072294364,2.9651945375741277e-07,1.7994983760763957e-06
CLW-Clean-Fast,42,5,3,19,58,clean,4,conv2,82.59798814167932,0.003824356232209914,3.469824333255091e-08,2.867344480781808e-06,45.03455609399237,0.0406656267250641,5.863395812161568e-07,2.6424472125667276e-05
CLW-Clean-Fast,42,5,3,19,58,clean,4,fc1,185.01424122783828,-0.00025909270560270305,1.801240550085416e-08,3.3326054639349733e-06,487.31530995164337,0.002149841569336694,2.912171643637108e-07,0.00014191541245465837
CLW-Clean-Fast,42,5,3,19,58,clean,4,fc2,4.487925950910489,0.07295517303560763,2.3363851605709329e-07,1.1084137234864703e-06,4.1269580526252225,0.25961077608300903,1.0182157750039458e-05,4.350442606674797e-05
CLW-Clean-Fast,42,5,4,20,59,clean,4,conv1,20.5571404598393,0.029233767743018692,2.333242181109521e-07,4.8037448799139495e-06,6.799940106978491,0.020582838307936797,3.477910093924714e-07,2.355203883178987e-06
CLW-Clean-Fast,42,5,4,20,59,clean,4,conv2,64.61893906225212,-0.007237182072818792,4.185926910100562e-08,2.701662185092442e-06,42.646903729368844,0.034247287141005424,6.231671611209654e-07,2.6591524781703478e-05
CLW-Clean-Fast,42,5,4,20,59,clean,4,fc1,171.40975765262178,0.0012647524801690025,1.9651905277029433e-08,3.3690426914736716e-06,436.75520271893794,0.001911098263981986,3.2665380342144236e-07,0.00014266844859717293
CLW-Clean-Fast,42,5,4,20,59,clean,4,fc2,4.798614229999417,0.09467455277559975,2.211621421578293e-07,1.1466305936183974e-06,4.307231358722805,0.2571613782980642,1.0029370406184932e-05,4.4682806275442756e-05
CLW-Noisy-Slow,7,1,1,1,234,noisy,1,conv1,1.8820701507456392,0.4155132577066952,3.578258110387207e-06,7.452688932301229e-06,1.3053809859441559,0.5807118744527068,2.220630328735263e-06,3.7987338432191166e-06
CLW-Noisy-Slow,7,1,1,1,234,noisy,1,conv2,11.325834799670426,0.025954263884407056,2.901441089155782e-07,3.2887602197532363e-06,12.846420869338429,0.0746166753890156,2.452082420757439e-06,3.1590787345480616e-05
CLW-Noisy-Slow,7,1,1,1,234,noisy,1,fc1,13.138896318771236,0.051331082326626754,3.0586906949598717e-07,4.035659182639232e-06,17.196767591685635,0.05667680868060388,9.914173640203272e-06,0.00017076642042787235
CLW-Noisy-Slow,7,1,1,1,234,noisy,1,fc2,0.5635032819536022,0.7239683474250818,2.0906370637147326e-06,2.382979060110786e-06,0.6128042905639586,0.8509264542718158,8.650301164947992e-05,0.00010093941873984171
CLW-Noisy-Slow,7,2,1,2,234,noisy,1,conv1,81.95478300839774,0.04874737190570312,7.519016624940796e-08,6.173389514087655e-06,33.998414676054495,0.01670621723857864,1.0872070544747497e-07,3.7011019702555115e-06
CLW-Noisy-Slow,7,2,1,2,234,noisy,1,conv2,26.918545930587587,0.006356410043833488,1.2905107802663328e-07,3.4741473591505845e-06,16.56860234261453,0.029864530480860196,1.9027165858989293e-06,3.152572342429042e-05
CLW-Noisy-Slow,7,2,1,2,234,noisy,1,fc1,18.408314635110354,0.010138107296870483,2.1364402896210078e-07,3.931785043070158e-06,27.291370327844692,0.03291445199284932,6.242562015865725e-06,0.00017045947969445668
CLW-Noisy-Slow,7,2,1,2,234,noisy,1,fc2,0.8284705826663079,0.5482898490964401,1.338477966075232e-06,1.7698590821970031e-06,0.9209820338115304,0.7552430120353515,5.6445224786802656e-05,7.91702015786441e-05
CLW-Noisy-Slow,7,3,1,3,234,noisy,1,conv1,87.51778145027137,-0.0021177730035556626,6.785468011447888e-08,5.937690567388497e-06,25.632065630678838,0.03376493422411125,1.1929266517135946e-07,3.0704766600590214e-06
CLW-Noisy-Slow,7,3,1,3,234,noisy,1,conv2,29.89059991043888,-0.0023630500391469823,1.0673080241399207e-07,3.187498358413799e-06,19.24835215625876,0.04323401949948446,1.6294408403348928e-06,3.139362181301618e-05
CLW-Noisy-Slow,7,3,1,3,234,noisy,1,fc1,31.232395564554018,0.011458355806542638,1.2713403017065933e-07,3.973038904397692e-06,43.96415094044105,0.023423519366702526,3.8767032652580486e-06,0.00017048288410725007
CLW-Noisy-Slow,7,3,1,3,234,noisy,1,fc2,1.863243026547846,0.16744732629840742,7.256248560252503e-07,1.4064464512331514e-06,1.3854415846635733,0.5831946990665343,3.740573725799387e-05,6.380929721070758e-05
CLW-Noisy-Slow,7,4,1,4,234,noisy,1,conv1,59.62424295932061,0.05526927150655299,1.021702089820511e-07,6.105740777872927e-06,15.89902970397929,0.05942461837737367,1.8077500172925413e-07,2.8998769768692395e-06
CLW-Noisy-Slow,7,4,1,4,234,noisy,1,conv2,27.806749039365585,0.036205113170431666,1.1658419585499241e-07,3.2551380212149377e-06,17.083171612515105,0.05651227661954456,1.862229900484978e-06,3.186545111707873e-05
CLW-Noisy-Slow,7,4,1,4,234,noisy,1,fc1,38.39838942940551,0.003789909429501289,1.0271233047558693e-07,3.9440392155851646e-06,55.20648125628102,0.01718447311714201,3.084688782840818e-06,0.00017032004658319074
CLW-Noisy-Slow,7,4,1,4,234,noisy,1,fc2,2.674008702178842,0.190998423675638,4.888632232868581e-07,1.457399548079186e-06,1.953478965779843,0.4699425060612442,2.6225341662069544e-05,5.803700806992997e-05
CLW-Noisy-Slow,7,5,1,5,234,noisy,1,conv1,36.28164600102976,0.05701661159589156,1.8129551495855783e-07,6.5942477448212085e-06,7.742701988838646,0.0722208154394243,3.2909496492435673e-07,2.579051400688491e-06
CLW-Noisy-Slow,7,5,1,5,234,noisy,1,conv2,20.668760925325277,0.018271880384978807,1.6303950781215488e-07,3.3743033992277313e-06,13.274547197644894,0.07467195110925896,2.400770585221819e-06,3.19607250133279e-05
CLW-Noisy-Slow,7,5,1,5,234,noisy,1,fc1,37.26853503349283,0.01003992462668592,1.0781929524987303e-07,4.0204389983671455e-06,56.975258912791354,0.018514998501966185,2.9908670168905787e-06,0.0001704347241218272
CLW-Noisy-Slow,7,5,1,5,234,noisy,1,fc2,2.3420871165124706,0.08130795184522953,5.222633062918177e-07,1.2205347271560085e-06,2.298559520282261,0.42140443229104463,2.229395260602216e-05,5.649073218779178e-05
CLW-Noisy-Fast,7,1,1,1,58,noisy,4,conv1,0.3145268290469393,0.9531623201515931,2.0234869371550935e-05,2.151307604141162e-05,0.19930633772051326,0.973880479113805,1.2387804886151493e-05,1.2427249190265576e-05
CLW-Noisy-Fast,7,1,1,1,58,noisy,4,conv2,1.8300235505994928,0.43128782884062467,1.5709168223450341e-06,3.345549584436464e-06,3.1644176655541076,0.3086598673255215,8.339516176798906e-06,2.775566900812139e-05
CLW-Noisy-Fast,7,1,1,1,58,noisy,4,fc1,6.092292240477723,0.11060168554739733,5.505870515758678e-07,3.403557167728562e-06,10.068557638416344,0.09967504227020665,1.4147806422197093e-05,0.0001431616007327677
CLW-Noisy-Fast,7,1,1,1,58,noisy,4,fc2,0.5300291925703382,0.7382645456410588,2.053385781099605e-06,2.3777611027118665e-06,0.5579795235137647,0.8804006591421613,8.563553304328292e-05,0.0001006068944938405
CLW-Noisy-Fast,7,1,2,2,59,noisy,4,conv1,34.22093473280966,-0.005930351738391837,1.628514422350134e-07,5.5685525226696e-06,24.04860978685222,0.011408554156545058,1.1130271294028203e-07,2.679917029347743e-06
CLW-Noisy-Fast,7,1,2,2,59,noisy,4,conv2,39.14034873957411,-0.010503676087449296,7.016289115770206e-08,2.7407771994930313e-06,39.96421296485886,0.040425619157411316,6.71142647983743e-07,2.6841982289538452e-05
CLW-Noisy-Fast,7,1,2,2,59,noisy,4,fc1,14.065426107970087,0.03707083545014793,2.397919040757823e-07,3.3841564891223587e-06,23.900211028813892,0.0414438842445225,5.974328209588148e-06,0.00014291079402472151
CLW-Noisy-Fast,7,1,2,2,59,noisy,4,fc2,0.5451632374210537,0.6906479528867255,2.020863834201019e-06,2.0733075634431834e-06,0.7533329934553696,0.7985963637836246,5.883519873970041e-05,7.367161455579926e-05
CLW-Noisy-Fast,7,1,3,3,58,noisy,4,conv1,78.27930134089937,-0.004243312210091088,6.61580827031854e-08,5.17736398157134e-06,47.76919171419761,-0.0020310485430440443,5.0578015752784147e-08,2.414645573375624e-06
CLW-Noisy-Fast,7,1,3,3,58,noisy,4,conv2,43.9773594540795,0.002808883400459284,5.817632538829779e-08,2.5590849753362107e-06,39.35182481722345,0.011756095196035626,6.68709915766421e-07,2.6314806373523312e-05
CLW-Noisy-Fast,7,1,3,3,58,noisy,4,fc1,21.819006914413453,0.018324075865981553,1.516484955451057e-07,3.3136835232802626e-06,34.064252065236246,0.027717444519547843,4.1688438266378024e-06,0.00014206316892411466
CLW-Noisy-Fast,7,1,3,3,58,noisy,4,fc2,1.0345076228464838,0.4441867116392577,1.0227995299890616e-06,1.535156516123733e-06,1.036721827388459,0.6757039265202999,4.1579810103395325e-05,5.8427525675166626e-05
CLW-Noisy-Fast,7,1,4,4,59,noisy,4,conv1,107.26677716011076,-0.012503398124454826,5.08698790303579e-08,5.4535901743278135e-06,51.85973702865404,0.009239653692147664,4.998464240452498e-08,2.5957847579140357e-06
CLW-Noisy-Fast,7,1,4,4,59,noisy,4,conv2,58.154641381171544,-0.0007839137317645247,4.7016679373642794e-08,2.7335684119451895e-06,40.780162764211674,0.016438677928102646,6.421986021784513e-07,2.6192316122432138e-05
CLW-Noisy-Fast,7,1,4,4,59,noisy,4,fc1,30.549533492106022,0.013651425510424312,1.1010120816356507e-07,3.3673303291577863e-06,47.00314531178074,0.020603921969529627,3.035583750946069e-06,0.0001427124393068055
CLW-Noisy-Fast,7,1,4,4,59,noisy,4,fc2,1.479257119201685,0.18735398924356653,6.034657173524599e-07,1.0187117475915778e-06,1.7020467595336264,0.4876404990959065,2.567652701928514e-05,5.0049387261996086e-05
CLW-Noisy-Fast,7,2,1,5,58,noisy,4,conv1,85.60020311929999,-0.02509246754330132,6.268137643215289e-08,5.359006536801515e-06,37.33379988194672,-0.00819797968891279,7.103393680250037e-08,2.6473761971277108e-06
CLW-Noisy-Fast,7,2,1,5,58,noisy,4,conv2,31.655751268779905,0.012706513628521394,9.059333849849491e-08,2.8719814401451457e-06,27.056129935870587,0.02484863877906405,9.802022952774794e-07,2.652769277984291e-05
CLW-Noisy-Fast,7,2,1,5,58,noisy,4,fc1,23.099982170328207,0.018118623812340025,1.4352369872626894e-07,3.3203770191945374e-06,39.076988775578194,0.02391862381556324,3.6385082971050184e-06,0.0001422226467477916
CLW-Noisy-Fast,7,2,1,5,58,noisy,4,fc2,1.284830793439011,0.3425644549233687,7.203626231570852e-07,1.2877973187873457e-06,1.594066616965767,0.5640970116570357,2.677254978577563e-05,5.162333139523799e-05
CLW-Noisy-Fast,7,2,2,6,59,noisy,4,conv1,128.31062934442608,0.007623261692770375,4.505606221468209e-08,5.782786417125017e-06,45.56284914183336,0.024360955887707206,6.020002803934345e-08,2.7526057437184016e-06
CLW-Noisy-Fast,7,2,2,6,59,noisy,4,conv2,33.37830709747961,-0.00016002450029275214,8.098652263512654e-08,2.7019407985689494e-06,26.562763438164396,0.025338189441865864,1.0050762900725455e-06,2.6705133413019523e-05
CLW-Noisy-Fast,7,2,2,6,59,noisy,4,fc1,24.87617448116361,0.009937230667162945,1.3420960359668092e-07,3.3402592108042536e-06,41.443834300012945,0.02264005637677187,3.4443984426155283e-06,0.0001427857200355685
CLW-Noisy-Fast,7,2,2,6,59,noisy,4,fc2,1.6021635701108021,0.2200603148220445,6.419427817967263e-07,1.1928346193353596e-06,1.797169830628352,0.4707253687226119,2.400690785674871e-05,4.890068678571143e-05
CLW-Noisy-Fast,7,2,3,7,58,noisy,4,conv1,116.8850721104417,-0.0021183297801672996,4.6368235335561295e-08,5.419183971114471e-06,39.821528977896236,0.00961047660693659,6.641122925077277e-08,2.648073452907689e-06
CLW-Noisy-Fast,7,2,3,7,58,noisy,4,conv2,41.770399907570344,0.008123393058512236,6.586263398320874e-08,2.753848909320714e-06,28.96589112917769,0.00773491425345591,9.019047333830391e-07,2.611620360654665e-05
CLW-Noisy-Fast,7,2,3,7,58,noisy,4,fc1,38.783061794746004,0.0027503032306598067,8.61393733535138e-08,3.3407370628513367e-06,62.18924847659015,0.015778856144747475,2.2828454765065945e-06,0.00014198628798067563
CLW-Noisy-Fast,7,2,3,7,58,noisy,4,fc2,2.204082126144919,0.05787783764499692,3.9907002711109375e-07,8.779087549371468e-07,2.7821384079241427,0.37331655405860736,1.5170589582083657e-05,4.546391433884255e-05
CLW-Noisy-Fast,7,2,4,8,59,noisy,4,conv1,83.43050890411017,0.05260413336590219,6.341615974608455e-08,5.3038165699836825e-06,34.35133251192475,-0.0003222189194142792,8.330988925038228e-08,2.860487715579182e-06
CLW-Noisy-Fast,7,2,4,8,59,noisy,4,conv2,29.12911446178931,0.007616844235976249,9.906362610382662e-08,2.887358470934386e-06,21.288934573781532,0.03069810341349724,1.2446536564813347e-06,2.6507518893720332e-05
CLW-Noisy-Fast,7,2,4,8,59,noisy,4,fc1,32.339582640035275,0.001506823080948529,1.017190370898753e-07,3.288622036429909e-06,55.64510628370535,0.014893155302675015,2.5648346214233e-06,0.00014273581050107466
CLW-Noisy-Fast,7,2,4,8,59,noisy,4,fc2,2.4330749740154918,0.130180704657271,3.9891839400405557e-07,1.0746671738469337e-06,2.7408609336397936,0.35914081548746146,1.570753414526689e-05,4.612953927792108e-05
CLW-Noisy-Fast,7,3,1,9,58,noisy,4,conv1,85.8418788985709,-0.0076466132623347555,6.094072855875241e-08,5.2290695549323655e-06,26.867859635019215,-0.001140269446694254,8.507730328561213e-08,2.2836918835165547e-06
CLW-Noisy-Fast,7,3,1,9,58,noisy,4,conv2,31.64555972973583,0.011185577694396005,8.783081163718795e-08,2.783104824291358e-06,25.063939009005004,0.04999395722580984,1.0636743836609443e-06,2.6693774335134678e-05
CLW-Noisy-Fast,7,3,1,9,58,noisy,4,fc1,43.70065603978718,0.003917610906966483,7.651317366603018e-08,3.3443155551302352e-06,71.38865941595685,0.014602422183364222,1.990811026429029e-06,0.00014213663396324622
CLW-Noisy-Fast,7,3,1,9,58,noisy,4,fc2,3.086636301267079,0.08062709343145733,3.1626527852671286e-07,1.0328947698188181e-06,3.507374553664504,0.26174997845483483,1.2216501236615713e-05,4.439771571764125e-05
CLW-Noisy-Fast,7,3,2,10,59,noisy,4,conv1,107.55753398289602,-0.023640199373354896,5.549842331156e-08,5.963849535492547e-06,37.371944586661314,0.006222398468510392,7.98116928313637e-08,2.984270356836022e-06
CLW-Noisy-Fast,7,3,2,10,59,noisy,4,conv2,26.09778654797586,0.00918166429307784,1.0582584399359963e-07,2.7641149075591424e-06,23.963905066106467,0.04617947131839891,1.1060091593132404e-06,2.6534103830923328e-05
CLW-Noisy-Fast,7,3,2,10,59,noisy,4,fc1,44.993107665231584,0.0012474506374475455,7.38238227375595e-08,3.3212554378479523e-06,74.09977889876757,0.013642460678860307,1.9248056511252356e-06,0.00014264111591785894
CLW-Noisy-Fast,7,3,2,10,59,noisy,4,fc2,3.2627832754177266,0.054302777540871726,3.017035776268635e-07,1.0098045443479597e-06,3.6899764296710975,0.2516870689979791,1.1790631781923229e-05,4.495758934755203e-05
CLW-Noisy-Fast,7,3,3,11,58,noisy,4,conv1,101.75816490454113,0.029668327126402015,5.177768300552534e-08,5.275813828912406e-06,33.02745129305741,0.041953226583651866,7.948898775950011e-08,2.6434239503055945e-06
CLW-Noisy-Fast,7,3,3,11,58,noisy,4,conv2,43.20645727508469,0.0031875817074571745,6.469828385690378e-08,2.796024640127297e-06,29.860102265220412,0.008176439163496238,8.764749045940903e-07,2.6164459703558662e-05
CLW-Noisy-Fast,7,3,3,11,58,noisy,4,fc1,45.68475951750004,0.0018661483417750052,7.282920296946713e-08,3.3271300108765005e-06,78.94811033601414,0.01214929802447185,1.7969004532213652e-06,0.00014187251188668026
CLW-Noisy-Fast,7,3,3,11,58,noisy,4,fc2,4.062054195253066,0.03003722253639186,2.7406734179527675e-07,1.1147685672426456e-06,4.041521587763463,0.2618743599637822,1.0551665335213306e-05,4.418059007955565e-05
CLW-Noisy-Fast,7,3,4,12,59,noisy,4,conv1,80.89952801455846,0.01281640646022458,5.785354636169078e-08,4.6835271753651315e-06,30.583355223374493,0.001732038773801558,8.759160287602876e-08,2.678241846301957e-06
CLW-Noisy-Fast,7,3,4,12,59,noisy,4,conv2,40.35867673221997,0.004550841074291627,6.65380683931129e-08,2.6866017521364776e-06,30.332469457596467,0.032193592778824734,8.66146111212525e-07,2.6287224567018377e-05
CLW-Noisy-Fast,7,3,4,12,59,noisy,4,fc1,53.63359959532981,0.0050527516283604655,6.257232958637782e-08,3.3572712056427316e-06,88.94600018436255,0.012244268140975026,1.604149008296068e-06,0.0001426934379125719
CLW-Noisy-Fast,7,3,4,12,59,noisy,4,fc2,4.586825284869448,0.03045470899462605,2.2977297283545105e-07,1.064796174880909e-06,4.514344871527936,0.21819062114674054,9.464253060788739e-06,4.3784865355722686e-05
CLW-Noisy-Fast,7,4,1,13,58,noisy,4,conv1,126.65170945748602,0.008297073252671311,4.640711586419647e-08,5.879280557658e-06,38.415837566008925,-0.0029453235669515084,7.812416465442106e-08,2.9990147004074783e-06
CLW-Noisy-Fast,7,4,1,13,58,noisy,4,conv2,49.71739202591583,-0.0025831564683280886,5.71220227510795e-08,2.8383757597850336e-06,33.58017754921079,0.021126601910510037,7.847238529567051e-07,2.635689882263292e-05
CLW-Noisy-Fast,7,4,1,13,58,noisy,4,fc1,64.97831085320455,0.001885473251750686,5.1525245801006807e-08,3.3483522400244445e-06,106.82062192209354,0.010662871578752361,1.3293850443671194e-06,0.00014201387225127826
CLW-Noisy-Fast,7,4,1,13,58,noisy,4,fc2,4.708218042412439,0.05623312124302632,2.1558540244481087e-07,1.0592226335611922e-06,5.62668092156785,0.19640516671566594,7.597284416169875e-06,4.359023866058776e-05
CLW-Noisy-Fast,7,4,2,14,59,noisy,4,conv1,79.85301832638238,0.05784601112162671,6.568298172040409e-08,5.259471731919601e-06,25.254081156340618,-0.0007518587115015137,1.0091919153377779e-07,2.5462767387858757e-06
CLW-Noisy-Fast,7,4,2,14,59,noisy,4,conv2,34.419667841223955,0.012327791438738255,7.978612866358398e-08,2.7505581682731227e-06,26.494634878166867,0.0347951895923635,1.0023286172778398e-06,2.657364509661088e-05
CLW-Noisy-Fast,7,4,2,14,59,noisy,4,fc1,62.75739810395724,-0.00018123916914971816,5.2985773548379175e-08,3.3248257620036194e-06,105.9701013896133,0.008404534898408934,1.343596231695085e-06,0.00014238614700718427
CLW-Noisy-Fast,7,4,2,14,59,noisy,4,fc2,4.406311364180421,0.05747297320038036,1.9503083960855335e-07,9.1428878534906e-07,5.349600531634531,0.18847079855367999,8.005439558986013e-06,4.361134280149717e-05
CLW-Noisy-Fast,7,4,3,15,58,noisy,4,conv1,69.26640038027372,-0.008984991797178597,8.141939732743208e-08,5.636785025128672e-06,20.874588474396575,0.03761473251870005,1.2629335167006284e-07,2.6523162442550603e-06
CLW-Noisy-Fast,7,4,3,15,58,noisy,4,conv2,38.60437238240176,0.003624956585103389,7.092009830904695e-08,2.7385270248596964e-06,27.348597723552736,0.032708231432464145,9.558092106909635e-07,2.6155122180207655e-05
CLW-Noisy-Fast,7,4,3,15,58,noisy,4,fc1,58.46475600747349,0.0025039620965380525,5.645103941597421e-08,3.3008719553727407e-06,101.57110859732258,0.010948369501978215,1.3985014021551907e-06,0.00014205594406906149
CLW-Noisy-Fast,7,4,3,15,58,noisy,4,fc2,5.215932012411835,0.01478073886716778,2.000666008267798e-07,1.0414739736679497e-06,5.343036193754941,0.20085833304048217,7.955246731796426e-06,4.3387338151829607e-05
CLW-Noisy-Fast,7,4,4,16,59,noisy,4,conv1,65.32952729465647,0.03171894609033966,8.008241326995596e-08,5.239799247749551e-06,18.924175282738076,0.0425501154554634,1.3675541859418076e-07,2.606624345281584e-06
CLW-Noisy-Fast,7,4,4,16,59,noisy,4,conv2,42.907944063418675,0.00896690589296413,6.10461120851337e-08,2.622664029491487e-06,29.175798875760105,0.03052676065644057,9.122554100897553e-07,2.662918156740805e-05
CLW-Noisy-Fast,7,4,4,16,59,noisy,4,fc1,71.77180063578814,0.0012613625508860666,4.587545418660319e-08,3.2927570896997116e-06,122.22888137042645,0.007136430070214381,1.1666537235227622e-06,0.00014260250534455353
CLW-Noisy-Fast,7,4,4,16,59,noisy,4,fc2,6.513528096246888,0.05740312902627299,1.587844458587508e-07,1.08584916737137e-06,6.4784055831488025,0.147814209681062,6.554294922398707e-06,4.293600589110504e-05
CLW-Noisy-Fast,7,5,1,17,58,noisy,4,conv1,54.81296526551413,0.02449307866455987,9.871737939251328e-08,5.417090330335965e-06,17.046011791185816,0.07754629994545843,1.5680434404286223e-07,2.70939484169711e-06
CLW-Noisy-Fast,7,5,1,17,58,noisy,4,conv2,40.929262676562445,-0.0025483682483199983,6.375648862748079e-08,2.6076285333612264e-06,29.520732909282533,0.015491578728024744,8.963363921835705e-07,2.645982603866173e-05
CLW-Noisy-Fast,7,5,1,17,58,noisy,4,fc1,75.53133893875437,0.0011820294913235535,4.430916440588556e-08,3.3469182923364067e-06,128.97335406363598,0.0063232686506697715,1.1010210385212935e-06,0.00014200524349381507
CLW-Noisy-Fast,7,5,1,17,58,noisy,4,fc2,5.819853587781926,0.015098313361043569,1.5179091420965722e-07,8.897425314190393e-07,7.159077051341982,0.14556934912357614,5.961479242684943e-06,4.3140449001039186e-05
CLW-Noisy-Fast,7,5,2,18,59,noisy,4,conv1,57.38412318024632,-0.010591379351071016,9.401643729304446e-08,5.391329491771794e-06,16.242774565854457,0.003510374867910103,1.6406396563275033e-07,2.6617105620154095e-06
CLW-Noisy-Fast,7,5,2,18,59,noisy,4,conv2,43.379034161490196,0.01451643023378885,6.338494579112077e-08,2.7550864747593375e-06,29.565754159600836,0.028655593550371023,8.979510065707879e-07,2.656026203805143e-05
CLW-Noisy-Fast,7,5,2,18,59,noisy,4,fc1,82.48842044510216,-0.00020897113220741257,4.051247291411848e-08,3.341575817978805e-06,134.6669627023655,0.007420605984792124,1.0598359440287468e-06,0.0001427290039711681
CLW-Noisy-Fast,7,5,2,18,59,noisy,4,fc2,8.632829753342921,-0.014232329257123612,1.4661373831168104e-07,1.2437226352445362e-06,6.998839021546201,0.13324294930239847,6.106528407752678e-06,4.312473964215333e-05
CLW-Noisy-Fast,7,5,3,19,58,noisy,4,conv1,43.363658102612426,0.035258665575291934,1.248865882145202e-07,5.425056043082343e-06,13.019744432283911,0.034616608961112294,1.9501115603127532e-07,2.5519054845194803e-06
CLW-Noisy-Fast,7,5,3,19,58,noisy,4,conv2,33.52022064838422,0.0049736811991521555,8.296554991480431e-08,2.7820205638777527e-06,24.961586250301377,0.04248375423731434,1.0598796376978886e-06,2.6481736295847744e-05
CLW-Noisy-Fast,7,5,3,19,58,noisy,4,fc1,62.53559054474505,0.0036305720313183003,5.257387528149669e-08,3.288675593019345e-06,121.76431482153673,0.010652555023651826,1.1671053195556546e-06,0.00014211961692994483
CLW-Noisy-Fast,7,5,3,19,58,noisy,4,fc2,3.89308307387725,0.04444627945639579,2.0720485589582222e-07,8.439306249254554e-07,6.330582598025663,0.133210142455592,6.777678154740836e-06,4.3283581317344744e-05
CLW-Noisy-Fast,7,5,4,20,59,noisy,4,conv1,43.273774217495564,0.009809635696840943,1.3215920419623843e-07,5.720555663185453e-06,9.723098817787747,0.01862591008615644,2.3449443819252687e-07,2.280501461262576e-06
CLW-Noisy-Fast,7,5,4,20,59,noisy,4,conv2,28.188562863067652,0.010904395236872165,9.98664279665013e-08,2.8183098092842737e-06,21.634872260761448,0.045039853734417,1.2265862247715073e-06,2.656569718927772e-05
CLW-Noisy-Fast,7,5,4,20,59,noisy,4,fc1,61.97484803640589,0.0017578955803389735,5.460659916950817e-08,3.3844725338496797e-06,113.98002783489584,0.009219164065656692,1.2517735769006308e-06,0.00014268341521052262
CLW-Noisy-Fast,7,5,4,20,59,noisy,4,fc2,4.342305157465707,0.012195854939022392,2.344819215608257e-07,1.0059260186133202e-06,5.340527025904534,0.2186205993009688,8.004603296516197e-06,4.378431837113322e-05
CLW-Clean-Slow,7,1,1,1,234,clean,1,conv1,1.8820701507456392,0.4155132577066952,3.578258110387207e-06,7.452688932301229e-06,1.3053809859441559,0.5807118744527068,2.220630328735263e-06,3.7987338432191166e-06
CLW-Clean-Slow,7,1,1,1,234,clean,1,conv2,11.325834799670426,0.025954263884407056,2.901441089155782e-07,3.2887602197532363e-06,12.846420869338429,0.0746166753890156,2.452082420757439e-06,3.1590787345480616e-05
CLW-Clean-Slow,7,1,1,1,234,clean,1,fc1,13.138896318771236,0.051331082326626754,3.0586906949598717e-07,4.035659182639232e-06,17.196767591685635,0.05667680868060388,9.914173640203272e-06,0.00017076642042787235
CLW-Clean-Slow,7,1,1,1,234,clean,1,fc2,0.5635032819536022,0.7239683474250818,2.0906370637147326e-06,2.382979060110786e-06,0.6128042905639586,0.8509264542718158,8.650301164947992e-05,0.00010093941873984171
CLW-Clean-Slow,7,2,1,2,234,clean,1,conv1,78.24426594590952,0.06014366194252209,7.877083980998739e-08,6.1774319961041325e-06,32.35772721421772,0.016240569313179163,1.142214230095693e-07,3.7004617131020957e-06
CLW-Clean-Slow,7,2,1,2,234,clean,1,conv2,28.47714841208968,0.005990015116681482,1.2199169519822287e-07,3.4743172046776866e-06,17.639411406107207,0.02658847803686844,1.7870591917594579e-06,3.1520389766986356e-05
CLW-Clean-Slow,7,2,1,2,234,clean,1,fc1,19.289299152641522,0.009202293023183865,2.038955354563074e-07,3.931951498680945e-06,28.588877388747505,0.03136276234436653,5.9592002833623166e-06,0.000170449804350815
CLW-Clean-Slow,7,2,1,2,234,clean,1,fc2,0.7872608851712772,0.5740446249827197,1.4055646667998548e-06,1.8305468140082438e-06,0.88162816968617,0.7697223362206338,5.9093779972974166e-05,8.143996409378608e-05
CLW-Clean-Slow,7,3,1,3,234,clean,1,conv1,78.8486607050146,-0.009258885186378686,7.526458344430239e-08,5.931855854902193e-06,23.10835635868741,0.037446043109030706,1.3236140591916168e-07,3.0730023758953624e-06
CLW-Clean-Slow,7,3,1,3,234,clean,1,conv2,37.05301421834864,0.0004680051113860241,8.606733610514554e-08,3.1881167575403203e-06,23.280407254819405,0.03528931511572269,1.3469783053756961e-06,3.137798039814595e-05
CLW-Clean-Slow,7,3,1,3,234,clean,1,fc1,35.378300453832075,0.008104081946878257,1.1224099134909591e-07,3.972295150777862e-06,49.64646680282097,0.020901531011651604,3.4329334165378438e-06,0.0001704703785899517
CLW-Clean-Slow,7,3,1,3,234,clean,1,fc2,1.6783619429862928,0.2032031538443749,8.079920453362967e-07,1.4367950919576493e-06,1.2503943898300194,0.6230442521599437,4.155640389218096e-05,6.644660939981133e-05
CLW-Clean-Slow,7,4,1,4,234,clean,1,conv1,48.80658980079367,0.06119329453445549,1.2466602156418782e-07,6.100979348147683e-06,12.970680678892839,0.07986246028825734,2.2186453825625674e-07,2.9146554928297773e-06
CLW-Clean-Slow,7,4,1,4,234,clean,1,conv2,41.21432732967327,0.024280536853305015,7.860899862332202e-08,3.248301527396382e-06,23.13545021054252,0.0404124085450373,1.3747517471796887e-06,3.1832676298311586e-05
CLW-Clean-Slow,7,4,1,4,234,clean,1,fc1,47.979185794331656,0.0009340870561534454,8.220276956330515e-08,3.943526862846437e-06,68.87664841437041,0.013671943484508788,2.4723996366850042e-06,0.00017030660658629788
CLW-Clean-Slow,7,4,1,4,234,clean,1,fc2,2.34421244296579,0.20768903400984437,5.559791985626125e-07,1.4639078950662208e-06,1.6730297266419507,0.5242048855429066,3.0722994802036627e-05,6.036044363826253e-05
CLW-Clean-Slow,7,5,1,5,234,clean,1,conv1,28.234425770549436,0.043971347090431726,2.3341675504371208e-07,6.60322591027277e-06,6.044783547021829,0.09554460270185944,4.261067305922365e-07,2.6186104933407864e-06
CLW-Clean-Slow,7,5,1,5,234,clean,1,conv2,29.567270657407608,0.002125202436257479,1.1379828731472158e-07,3.363683164770266e-06,18.512931382736102,0.053187249190702425,1.7208836159588981e-06,3.19054396130048e-05
CLW-Clean-Slow,7,5,1,5,234,clean,1,fc1,53.33416817447785,0.006441546428235873,7.533868716459704e-08,4.019561593275954e-06,81.83022010686186,0.013068062880458212,2.082344341268785e-06,0.00017041334465658234
CLW-Clean-Slow,7,5,1,5,234,clean,1,fc2,1.955665663065931,0.12693095863072965,6.260180248426823e-07,1.2487123270069272e-06,1.903301643777628,0.4819583543911312,2.7024975262332522e-05,5.8697609108278854e-05
CLW-Clean-Fast,7,1,1,1,58,clean,4,conv1,0.3145268290469393,0.9531623201515931,2.0234869371550935e-05,2.151307604141162e-05,0.19930633772051326,0.973880479113805,1.2387804886151493e-05,1.2427249190265576e-05
CLW-Clean-Fast,7,1,1,1,58,clean,4,conv2,1.8300235505994928,0.43128782884062467,1.5709168223450341e-06,3.345549584436464e-06,3.1644176655541076,0.3086598673255215,8.339516176798906e-06,2.775566900812139e-05
CLW-Clean-Fast,7,1,1,1,58,clean,4,fc1,6.092292240477723,0.11060168554739733,5.505870515758678e-07,3.403557167728562e-06,10.068557638416344,0.09967504227020665,1.4147806422197093e-05,0.0001431616007327677
CLW-Clean-Fast,7,1,1,1,58,clean,4,fc2,0.5300291925703382,0.7382645456410588,2.053385781099605e-06,2.3777611027118665e-06,0.5579795235137647,0.8804006591421613,8.563553304328292e-05,0.0001006068944938405
CLW-Clean-Fast,7,1,2,2,59,clean,4,conv1,33.61871322974045,-0.0067443081955535925,1.6574783321697491e-07,5.567468103355862e-06,23.572939584730424,0.011783223552756624,1.1360086268891907e-07,2.6812586097269086e-06
CLW-Clean-Fast,7,1,2,2,59,clean,4,conv2,38.48880850348772,-0.01129178968637992,7.135448372951234e-08,2.7405388729685896e-06,39.35915982848712,0.042026218249402225,6.815184949732157e-07,2.6845599795731926e-05
CLW-Clean-Fast,7,1,2,2,59,clean,4,fc1,14.505099817872116,0.03556885712187843,2.3251591127167196e-07,3.3834917462289558e-06,24.574991231483875,0.040149303601201974,5.8101906377133835e-06,0.00014290089335198132
CLW-Clean-Fast,7,1,2,2,59,clean,4,fc2,0.5519543238441146,0.6850260726319806,2.0011683477513306e-06,2.0525075769958607e-06,0.7438615866204086,0.8022535436033779,5.9617706699791184e-05,7.431597702678495e-05
CLW-Clean-Fast,7,1,3,3,58,clean,4,conv1,74.33428545702564,-0.00420070812845102,6.972613100657964e-08,5.181543954506965e-06,44.48522453241569,-0.0019956699069273646,5.4298610858049554e-08,2.4139851229398814e-06
CLW-Clean-Fast,7,1,3,3,58,clean,4,conv2,43.10773792289679,0.0027293552919793744,5.932453171612731e-08,2.557930526329857e-06,38.98761261493445,0.013109011416373707,6.749615398530636e-07,2.6315868399345442e-05
CLW-Clean-Fast,7,1,3,3,58,clean,4,fc1,23.820056029591658,0.016386897216079825,1.389047724317983e-07,3.313056571412866e-06,37.41883521437536,0.025263035978641792,3.795011325226597e-06,0.00014205030573208134
CLW-Clean-Fast,7,1,3,3,58,clean,4,fc2,0.9486314574164235,0.4877314772795899,1.116777673756775e-06,1.6158121105357525e-06,0.9672776731883873,0.7019648468056923,4.470904618776259e-05,6.0670588090696455e-05
CLW-Clean-Fast,7,1,4,4,59,clean,4,conv1,91.91426874958897,-0.013647505341552521,5.941180110361926e-08,5.457250351098294e-06,43.77116369926282,0.010940547715545045,5.92488913176309e-08,2.597624333820112e-06
CLW-Clean-Fast,7,1,4,4,59,clean,4,conv2,53.921704671749914,-0.0002791502026717055,5.072821026241091e-08,2.7348188441826434e-06,39.44877360169127,0.016164400679178372,6.639319925426897e-07,2.619427747321333e-05
CLW-Clean-Fast,7,1,4,4,59,clean,4,fc1,34.65462717865087,0.011866525966921039,9.705423255635551e-08,3.366691948895637e-06,54.85551810973219,0.017827935762493644,2.600955907243686e-06,0.00014269963162066393
CLW-Clean-Fast,7,1,4,4,59,clean,4,fc2,1.2177446202040791,0.255190757220279,7.34249736771522e-07,1.0850574377161868e-06,1.45204349582601,0.5472126887330089,3.0246908655601386e-05,5.245583966772109e-05
CLW-Clean-Fast,7,2,1,5,58,clean,4,conv1,71.55743148068063,-0.02670442505905404,7.503505542883371e-08,5.361883432724421e-06,30.558559635325974,-0.008143028862112356,8.660863423942593e-08,2.6414629000844324e-06
CLW-Clean-Fast,7,2,1,5,58,clean,4,conv2,32.7685677674487,0.013037826923769242,8.75299045388292e-08,2.872611996399965e-06,27.376041443566276,0.02441740310511173,9.686633098509764e-07,2.652508077197809e-05
CLW-Clean-Fast,7,2,1,5,58,clean,4,fc1,31.16555465628686,0.01132643696089989,1.063681598168012e-07,3.3179685958185984e-06,53.08266314559876,0.01738608211783021,2.6783090134530015e-06,0.00014219329353381066
CLW-Clean-Fast,7,2,1,5,58,clean,4,fc2,1.2107901828673744,0.3647483864666092,7.646951489146005e-07,1.3180561461486599e-06,1.4180548489479723,0.6082138265250373,3.0214356056870174e-05,5.389808222300715e-05
CLW-Clean-Fast,7,2,2,6,59,clean,4,conv1,92.56322315629971,0.008248220295681754,6.242876388247675e-08,5.780305144013275e-06,33.00773524909456,0.03403008924549698,8.296285008465963e-08,2.752420865303513e-06
CLW-Clean-Fast,7,2,2,6,59,clean,4,conv2,33.2066090120479,-0.00041229055326393016,8.138319854701315e-08,2.701081405206062e-06,27.253796489851144,0.02476008841366741,9.797473596895707e-07,2.6709079405075442e-05
CLW-Clean-Fast,7,2,2,6,59,clean,4,fc1,35.2692317943556,0.004591093664767272,9.464476185624061e-08,3.3385514998661607e-06,60.74242662092543,0.01515040584349241,2.3498777658862606e-06,0.000142753706431736
CLW-Clean-Fast,7,2,2,6,59,clean,4,fc2,1.3382539395499677,0.28747890926834274,7.689793702940309e-07,1.2658269227864039e-06,1.50045092350942,0.5386243147884964,2.8896441714663916e-05,5.1455979674928015e-05
CLW-Clean-Fast,7,2,3,7,58,clean,4,conv1,73.62735024826847,-0.007177746513101724,7.37621519350237e-08,5.428633159417283e-06,26.042406901901288,0.014515140562766158,1.014052603782638e-07,2.6458824902159372e-06
CLW-Clean-Fast,7,2,3,7,58,clean,4,conv2,43.866746649400476,0.0057522962057690525,6.276679757232461e-08,2.7551535405166087e-06,31.060451711927062,0.007297623547424546,8.409824898481611e-07,2.6114203161455288e-05
CLW-Clean-Fast,7,2,3,7,58,clean,4,fc1,55.055588074891446,0.0006385552378892904,6.067446027104678e-08,3.34020200603279e-06,97.04865055480971,0.010062090528221084,1.4627708802522507e-06,0.0001419672907564151
CLW-Clean-Fast,7,2,3,7,58,clean,4,fc2,1.7880619358850698,0.11556865529054985,4.96874313249926e-07,9.388328116644113e-07,2.2295972785426574,0.4387372725538944,1.901003577609646e-05,4.714148719054111e-05
CLW-Clean-Fast,7,2,4,8,59,clean,4,conv1,56.92748507233641,0.07489267224195717,9.293397096311703e-08,5.3108417192731955e-06,23.11473550756078,0.00038331384701443914,1.2371270327273833e-07,2.8571138288361455e-06
CLW-Clean-Fast,7,2,4,8,59,clean,4,conv2,38.77759958155539,-0.000510653481837358,7.444460538257199e-08,2.8856468668666095e-06,26.77398515699868,0.02142581370407483,9.898112383597518e-07,2.6504752213887088e-05
CLW-Clean-Fast,7,2,4,8,59,clean,4,fc1,54.28450258284089,0.000323084907263482,6.059563379290341e-08,3.289017766430479e-06,103.4897582975149,0.007357819707258112,1.3789708737294567e-06,0.00014271300154653898
CLW-Clean-Fast,7,2,4,8,59,clean,4,fc2,1.9256109266995078,0.18840003975335337,5.071778874837168e-07,1.1359875928509184e-06,2.2307777913756532,0.4299300387446187,1.9395957628100657e-05,4.791566854413686e-05
CLW-Clean-Fast,7,3,1,9,58,clean,4,conv1,49.853973059075464,-0.008958653415585011,1.0482830821444881e-07,5.22245220071682e-06,16.621516529005206,0.010572598468171341,1.3761342281406248e-07,2.289298342804706e-06
CLW-Clean-Fast,7,3,1,9,58,clean,4,conv2,38.499908740839,0.009819429302972167,7.224843592953065e-08,2.784896872917721e-06,30.71392077044527,0.03958778163844764,8.678436961753471e-07,2.6676645754740767e-05
CLW-Clean-Fast,7,3,1,9,58,clean,4,fc1,72.69123810485186,0.0015763067427100065,4.5993588208003554e-08,3.343631172049574e-06,141.28849974024266,0.007254134409941001,1.0058109063092597e-06,0.00014211344332197345
CLW-Clean-Fast,7,3,1,9,58,clean,4,fc2,2.43073367452054,0.12843721048317028,4.0639133380783586e-07,1.086727565045187e-06,2.7238283721871284,0.32733041138815105,1.5843479581560923e-05,4.5669150942507834e-05
CLW-Clean-Fast,7,3,2,10,59,clean,4,conv1,68.4630799152709,-0.03034254048756655,8.722270064053023e-08,5.963236339641014e-06,23.06616177418832,0.010192092897111689,1.2877437632277607e-07,2.972306245204537e-06
CLW-Clean-Fast,7,3,2,10,59,clean,4,conv2,36.76285318439364,0.009280955581574971,7.502746860019282e-08,2.7613003690179504e-06,31.734639507673375,0.035265409432938925,8.349382430469239e-07,2.6514130019811382e-05
CLW-Clean-Fast,7,3,2,10,59,clean,4,fc1,75.3943969058547,-2.9546000464440425e-05,4.4055905564621026e-08,3.321341451274373e-06,157.74126636288068,0.0062688200713723035,9.041156962101054e-07,0.00014261935856372922
CLW-Clean-Fast,7,3,2,10,59,clean,4,fc2,2.3391150783341015,0.1280656382506947,4.229020607584572e-07,1.083125902359045e-06,2.8511082003504282,0.313624325790479,1.5322264698693184e-05,4.6004525912192297e-05
CLW-Clean-Fast,7,3,3,11,58,clean,4,conv1,68.87364474968531,0.03179922772096508,7.64278329831548e-08,5.2718464729261815e-06,21.175979051952815,0.061657659559471084,1.2428032719402295e-07,2.659867198711495e-06
CLW-Clean-Fast,7,3,3,11,58,clean,4,conv2,62.30295128487928,0.007047216142851542,4.48477472178904e-08,2.7966867169664565e-06,39.48144591054127,0.004657321454277006,6.628275299160572e-07,2.6164298460514213e-05
CLW-Clean-Fast,7,3,3,11,58,clean,4,fc1,91.8861692969172,2.7072981530683304e-05,3.620746228420341e-08,3.3268689895057735e-06,199.330699543697,0.00469386313629799,7.116194364555616e-07,0.00014184938775220626
CLW-Clean-Fast,7,3,3,11,58,clean,4,fc2,3.5570140465064424,0.04140411681563428,3.13106136561033e-07,1.1199090134253046e-06,3.3458725038561963,0.3151132448914033,1.2818057833048383e-05,4.5172917861350415e-05
CLW-Clean-Fast,7,3,4,12,59,clean,4,conv1,49.67049587114622,0.026322470429466695,9.4720933856927e-08,4.712018313880299e-06,17.47020444922526,0.015199878309947538,1.538803191136326e-07,2.691927749657154e-06
CLW-Clean-Fast,7,3,4,12,59,clean,4,conv2,50.78388694056609,-0.002190787449166284,5.282610102114017e-08,2.6813127518209395e-06,38.754151982347885,0.02538968162428361,6.780260209151971e-07,2.6285800052671875e-05
CLW-Clean-Fast,7,3,4,12,59,clean,4,fc1,103.64680745578808,0.0022562026810443747,3.237695524837124e-08,3.35646083442046e-06,227.52587342283,0.005849014740113139,6.270586591536208e-07,0.00014267462735753397
CLW-Clean-Fast,7,3,4,12,59,clean,4,fc2,3.52629866264038,0.04990626669009706,2.997005120813375e-07,1.0766161907182082e-06,3.477323502273578,0.2877337631546664,1.2369354451939514e-05,4.491479733053001e-05
CLW-Clean-Fast,7,4,1,13,58,clean,4,conv1,70.86579601693646,0.019163717972888107,8.32477599840673e-08,5.9037456098042075e-06,21.225348387545825,0.01409989517067996,1.413679611142631e-07,3.003967945982817e-06
CLW-Clean-Fast,7,4,1,13,58,clean,4,conv2,69.23603619195957,-8.533711518653062e-05,4.1022845683560594e-08,2.8399986538143718e-06,46.02940990223299,0.010025418228635495,5.725577247252242e-07,2.6354441281852895e-05
CLW-Clean-Fast,7,4,1,13,58,clean,4,fc1,127.92909575857415,0.00021334021846826292,2.616716560289778e-08,3.34763680527207e-06,300.8915461839506,0.0037215627251590885,4.7192362848393685e-07,0.00014199912945038338
CLW-Clean-Fast,7,4,1,13,58,clean,4,fc2,3.8756878336822465,0.07628618888055837,2.646429810868382e-07,1.0855328199037123e-06,4.509858616968168,0.24992656017719386,9.52886402413269e-06,4.43591606748679e-05
CLW-Clean-Fast,7,4,2,14,59,clean,4,conv1,46.90921846828,0.09495762598330676,1.1179708889904986e-07,5.271875475467678e-06,14.845068893626294,0.011478393413566136,1.7214665508874516e-07,2.5562136874564533e-06
CLW-Clean-Fast,7,4,2,14,59,clean,4,conv2,58.47638339444673,0.009685284045171277,4.696156417303775e-08,2.7497792644318755e-06,41.49366403740837,0.01626550209664468,6.396373226773747e-07,2.654424798736556e-05
CLW-Clean-Fast,7,4,2,14,59,clean,4,fc1,130.4289396670792,-0.0006306448081767041,2.5493272650241564e-08,3.3248874782975146e-06,318.35653757793403,0.0017642251917023336,4.472035627549378e-07,0.00014237059518660555
CLW-Clean-Fast,7,4,2,14,59,clean,4,fc2,3.7308179174911196,0.07951720962251443,2.3711520872902437e-07,9.59997464225534e-07,4.1944730251273725,0.23880087331343142,1.0259952720769394e-05,4.43217186454693e-05
CLW-Clean-Fast,7,4,3,15,58,clean,4,conv1,42.75224512610404,-0.009461288755703203,1.3099106864863776e-07,5.595743473138843e-06,13.102215221942837,0.0585607150345105,2.0299570799775057e-07,2.685853628043239e-06
CLW-Clean-Fast,7,4,3,15,58,clean,4,conv2,66.93130617466909,0.0034631171330939256,4.0854798373235916e-08,2.7356345163671824e-06,42.771367924718994,0.023318245059118923,6.109434569064026e-07,2.6138929819766978e-05
CLW-Clean-Fast,7,4,3,15,58,clean,4,fc1,133.40089510253804,-5.083996720689305e-05,2.4735479925185957e-08,3.2997591903957445e-06,326.2757336497037,0.0035541256366678877,4.353201211014653e-07,0.00014203562326978395
CLW-Clean-Fast,7,4,3,15,58,clean,4,fc2,4.210350546700678,0.04213406837688856,2.475253274857633e-07,1.0636300198833468e-06,4.317769072090414,0.24673292930222807,9.915527465600463e-06,4.417310702949971e-05
CLW-Clean-Fast,7,4,4,16,59,clean,4,conv1,34.272765680387344,0.045932709996399305,1.533034200469503e-07,5.267714442511158e-06,10.0483332795849,0.08349487328078871,2.6049406758475296e-07,2.6582490898899046e-06
CLW-Clean-Fast,7,4,4,16,59,clean,4,conv2,64.94306083611875,0.006412004286508518,4.0427621055237756e-08,2.6279476697008997e-06,41.9169850890691,0.01820100860631846,6.347316270137252e-07,2.6610745245250867e-05
CLW-Clean-Fast,7,4,4,16,59,clean,4,fc1,129.4348535684237,-2.8970437783485924e-05,2.543984740443599e-08,3.2928245530194263e-06,325.14130937621894,0.0025328983765028072,4.3854720172189974e-07,0.00014259059070100477
CLW-Clean-Fast,7,4,4,16,59,clean,4,fc2,4.71306050329482,0.07831024911785488,2.2281040564039276e-07,1.1174665727420608e-06,4.453982049338768,0.21589152906028294,9.568156399445868e-06,4.365061960339365e-05
CLW-Clean-Fast,7,5,1,17,58,clean,4,conv1,28.910364930498375,0.022003014559377882,1.8661380726578035e-07,5.400060634599646e-06,9.116644770710039,0.13597328398988273,2.9417298938211645e-07,2.756520944981965e-06
CLW-Clean-Fast,7,5,1,17,58,clean,4,conv2,70.21201627406123,-0.0023773737221841106,3.7102547472898246e-08,2.6038496179157784e-06,46.8894671076377,0.00643835864044655,5.64418137052871e-07,2.6463170790836284e-05
CLW-Clean-Fast,7,5,1,17,58,clean,4,fc1,150.94860392544652,0.0003055491200187744,2.216780050724164e-08,3.3463741437788334e-06,389.27518627946137,0.0017356322004941623,3.647639662298378e-07,0.00014199412698182476
CLW-Clean-Fast,7,5,1,17,58,clean,4,fc2,4.766968336745951,0.013646437569340824,1.8856103382797347e-07,8.96838332819069e-07,5.542943535029468,0.1871971408715707,7.728705346654984e-06,4.361291195766884e-05
CLW-Clean-Fast,7,5,2,18,59,clean,4,conv1,33.74931240352014,0.005748575768625251,1.5931717731969266e-07,5.3765035487251964e-06,9.485426533623523,0.03306754108290354,2.812209217350461e-07,2.6743969003550584e-06
CLW-Clean-Fast,7,5,2,18,59,clean,4,conv2,73.37129572830108,0.004149098409683429,3.73708616457157e-08,2.743435174040803e-06,46.08945962015738,0.013262822185049927,5.757114116502479e-07,2.6536164246041197e-05
CLW-Clean-Fast,7,5,2,18,59,clean,4,fc1,161.80978064038825,-0.0008174091602099972,2.0654936619588237e-08,3.3420072914753615e-06,415.8991213144167,0.0022334349074795367,3.431499577519512e-07,0.0001427165513226328
CLW-Clean-Fast,7,5,2,18,59,clean,4,fc2,7.038516242738212,0.0016454459584943433,1.823295063099275e-07,1.2719126952697921e-06,5.5812742243224465,0.16384964330647603,7.689980538117176e-06,4.350804135988624e-05
CLW-Clean-Fast,7,5,3,19,58,clean,4,conv1,21.54580781777501,0.0646573524592327,2.507576186641385e-07,5.425179369632325e-06,6.624012375706308,0.06771673689210145,3.878905069009542e-07,2.5928736184792898e-06
CLW-Clean-Fast,7,5,3,19,58,clean,4,conv2,58.08643712011249,0.004623120492435554,4.785076438210379e-08,2.781010834903741e-06,39.38292431038566,0.035870440723750195,6.720572338909903e-07,2.6484558482070715e-05
CLW-Clean-Fast,7,5,3,19,58,clean,4,fc1,143.26744265137464,0.0014010187388467726,2.2947449207401454e-08,3.288143810910446e-06,391.6576943534112,0.003260759213400407,3.628254462711819e-07,0.00014210451224324228
CLW-Clean-Fast,7,5,3,19,58,clean,4,fc2,3.2868368582193885,0.07236730149999215,2.44451844762855e-07,8.72597055227779e-07,4.914935497575513,0.18401394195748272,8.758822443999106e-06,4.379550631682265e-05
CLW-Clean-Fast,7,5,4,20,59,clean,4,conv1,23.865962958289597,-0.00338820993180292,2.3854998357760396e-07,5.686845178368465e-06,5.517185352899214,0.06888226410668587,4.143946462136486e-07,2.3075821898863444e-06
CLW-Clean-Fast,7,5,4,20,59,clean,4,conv2,65.4214390713771,0.0010538416012762872,4.2905480880622965e-08,2.8070964647442515e-06,41.33393760520217,0.023893054157864548,6.421515559269727e-07,2.655117252626314e-05
CLW-Clean-Fast,7,5,4,20,59,clean,4,fc1,171.81249315323765,0.0006305957644215097,1.969217507295943e-08,3.3836749904509006e-06,462.79724178525674,0.0026639842912986635,3.0826349627813096e-07,0.0001426644654593997
CLW-Clean-Fast,7,5,4,20,59,clean,4,fc2,4.985283636071983,-0.004625863061060611,2.083637823133831e-07,1.0121259477155158e-06,4.911821525195957,0.21135358388071873,8.696245567609471e-06,4.370320826443517e-05
