method,seed,epoch,interval,alpha,alpha_over_tau2,wiener_gain_mean,wiener_gain_median,wiener_gain_p10,wiener_gain_p90,wiener_gain_min,wiener_gain_max,cos_raw,cos_filtered,NSR_raw,NSR_filtered,layer,tau2,interval_steps,fitted_batches,first_batch_identity
Wiener-Residual-AG,42,1,1,0.11966703641443746,0.3317601490522974,0.5238852780619846,0.5,0.5,0.5,0.5,0.9760801266426543,0.05781494901757436,0.039669067016187734,2112.708622038057,1665.0711610399353,conv1,0.3607034683227539,2,1,True
Wiener-Residual-AG,42,1,1,0.17225120912329597,0.47754242542843334,0.5301880044195297,0.5,0.5,0.5,0.5,0.9702624993826516,-0.004276647630733056,-0.01508056975437139,1313.6347696930181,955.3235873780711,conv2,0.3607034683227539,2,1,True
Wiener-Residual-AG,42,1,1,0.1870851012042192,0.5186673199294477,0.5145802461057672,0.5,0.5,0.5,0.5,0.9783281822585088,0.001749906677222791,0.0016814557004244763,626.7428274073562,336.28856076755494,fc1,0.3607034683227539,2,1,True
Wiener-Residual-AG,42,1,1,0.1964689590926675,0.5446827556336914,0.5152231578338223,0.5,0.5,0.5,0.5,0.9720825816229058,0.01571005315415106,0.012447433190687343,129.3207762704131,97.6136388491949,fc2,0.3607034683227539,2,1,True
Wiener-Residual-AG,42,1,2,0.16918506792557822,0.4690419770907029,0.5515940366661303,0.5,0.5,0.7557306266249979,0.5,0.9500297691263024,0.07786289370593005,0.07938612517166589,464.5080124563839,326.2968153250332,conv1,0.3607034683227539,2,1,True
Wiener-Residual-AG,42,1,2,0.17066924520942642,0.47315665137079654,0.5284042334828373,0.5,0.5,0.5,0.5,0.9772550035527701,0.010782060581988499,0.019334863394473156,429.6139208631637,286.0684018142116,conv2,0.3607034683227539,2,1,True
Wiener-Residual-AG,42,1,2,0.18787934582246849,0.5208692522311871,0.5144706381177696,0.5,0.5,0.5,0.5,0.9785308777380034,0.003595202466037054,0.00160421566878557,547.5683244140887,336.886873116665,fc1,0.3607034683227539,2,1,True
Wiener-Residual-AG,42,1,2,0.18731899869731258,0.5193157680693589,0.513698568960705,0.5,0.5,0.5,0.5,0.979918372992187,0.007329047671816237,0.008491910142542036,55.672207470611816,30.699926887504017,fc2,0.3607034683227539,2,1,True
Wiener-Residual-AG,42,1,3,0.1413722970969634,0.39193495353492097,0.5415292103333486,0.5,0.5,0.7085070222058003,0.5,0.9517407102292272,-0.07094950333427597,-0.08889866911742905,421.9061962055993,227.8371916517873,conv1,0.3607034683227539,2,1,True
Wiener-Residual-AG,42,1,3,0.1764320278296495,0.48913316151365605,0.5309469366269629,0.5,0.5,0.5,0.5,0.9747219429882167,0.01874042707871169,0.016556503246687403,439.905914701055,265.1203389014017,conv2,0.3607034683227539,2,1,True
Wiener-Residual-AG,42,1,3,0.187066194942626,0.518614904959109,0.5145375198723395,0.5,0.5,0.5,0.5,0.9789409181020253,0.0017465584387177937,0.0003174760176731695,729.2379008259219,431.9057633729197,fc1,0.3607034683227539,2,1,True
Wiener-Residual-AG,42,1,3,0.19057916399310829,0.5283541211269417,0.5138058790861533,0.5,0.5,0.5,0.5,0.9799954436332254,0.018788831190003616,0.00402321826387446,58.04229669757527,34.56617621961713,fc2,0.3607034683227539,2,1,True
Wiener-Residual-AG,42,1,4,0.09409571532102035,0.26086723190813466,0.5248462755300793,0.5,0.5,0.5144203638084609,0.5,0.9538718265030975,0.14553191957388542,0.044505315495775154,262.20270147028805,159.49390898978166,conv1,0.3607034683227539,2,1,True
Wiener-Residual-AG,42,1,4,0.1732116903362155,0.4802052254768656,0.5306074536153508,0.5,0.5,0.5,0.5,0.9706165851376936,-0.0012260963336560328,0.01595502773836876,326.28585438438984,212.6195187211516,conv2,0.3607034683227539,2,1,True
Wiener-Residual-AG,42,1,4,0.1870345139509677,0.5185270738334322,0.5143998000631419,0.5,0.5,0.5,0.5,0.9795189141112679,0.002563408244688704,0.0011759780262834765,602.2826033128257,391.34883442814447,fc1,0.3607034683227539,2,1,True
Wiener-Residual-AG,42,1,4,0.19484246729772406,0.5401735342433163,0.514495613231029,0.5,0.5,0.5,0.5,0.9768548970250234,0.04995000146684952,0.06090144778745353,50.703702653462855,33.980948212410524,fc2,0.3607034683227539,2,1,True
Wiener-Residual-AG,42,1,5,0.0,0.0,1.0,1.0,1.0,1.0,1.0,1.0,0.2057057890681849,0.2057057890681849,288.87846208573905,288.87846208573905,conv1,0.3607034683227539,1,0,True
Wiener-Residual-AG,42,1,5,0.0,0.0,1.0,1.0,1.0,1.0,1.0,1.0,-0.013148528985083716,-0.013148528985083716,332.09281835228956,332.09281835228956,conv2,0.3607034683227539,1,0,True
Wiener-Residual-AG,42,1,5,0.0,0.0,1.0,1.0,1.0,1.0,1.0,1.0,-0.0011796324745771,-0.0011796324745771,705.473114301494,705.473114301494,fc1,0.3607034683227539,1,0,True
Wiener-Residual-AG,42,1,5,0.0,0.0,1.0,1.0,1.0,1.0,1.0,1.0,0.049200161295128775,0.049200161295128775,76.56130407295241,76.56130407295241,fc2,0.3607034683227539,1,0,True
Wiener-Residual-AG,42,2,1,0.1235856338667931,0.3426239133254186,0.5323716625787928,0.5,0.5,0.5863011904018594,0.5,0.9601245553234989,-0.006854540339919635,0.04279279418782159,188695.0453282984,114693.5454021637,conv1,0.3607034683227539,2,1,True
Wiener-Residual-AG,42,2,1,0.1773180099703658,0.4915894232868961,0.5310795180519514,0.5,0.5,0.5402143223435649,0.5,0.9748551085902408,-0.0008328223764178656,-0.004588285113859208,264871.83807576046,150894.51412801788,conv2,0.3607034683227539,2,1,True
Wiener-Residual-AG,42,2,1,0.1858696265282354,0.5152975861100428,0.5142777682531743,0.5,0.5,0.5,0.5,0.979903855141558,0.0013647513003562791,0.0018825885652294504,1873.7763844699161,1021.277007267328,fc1,0.3607034683227539,2,1,True
Wiener-Residual-AG,42,2,1,0.1766485911562393,0.48973355309734884,0.5124887883319885,0.5,0.5,0.5,0.5,0.9602604771372092,0.005009701888908582,0.022364009767842394,47.70027695310914,29.71421447084614,fc2,0.3607034683227539,2,1,True
Wiener-Residual-AG,42,2,2,0.2041930490845588,0.5660967166022614,0.5458256416803532,0.5,0.5,0.7618210352403778,0.5,0.9659147966565071,-0.08281356389144623,-0.11048505239687462,231655.486439672,175184.14924815288,conv1,0.3607034683227539,2,1,True
Wiener-Residual-AG,42,2,2,0.16767647037230032,0.46485960102347856,0.5280505457231164,0.5,0.5,0.5,0.5,0.976682432443971,-0.006358161738038512,-0.011152865688641423,213773.28537491453,162070.88477343382,conv2,0.3607034683227539,2,1,True
Wiener-Residual-AG,42,2,2,0.18791123328243206,0.5209576557614105,0.5143573482911338,0.5,0.5,0.5,0.5,0.979956514789337,-0.0008837785994450198,-0.0011232974090030197,1957.6110735760408,1486.6137042898656,fc1,0.3607034683227539,2,1,True
Wiener-Residual-AG,42,2,2,0.20533890628626517,0.5692734456950936,0.5134283464394597,0.5,0.5,0.5,0.5,0.9804606431361577,0.0027377780374764453,-0.00739082660093278,44.09010097773856,29.178726056206493,fc2,0.3607034683227539,2,1,True
Wiener-Residual-AG,42,2,3,0.13400687495211333,0.3715153490905868,0.5311714667530876,0.5,0.5,0.584653636917814,0.5,0.9706928730793218,0.0919285956532267,0.03108742862330062,241461.0763518188,131189.0422580195,conv1,0.3607034683227539,2,1,True
Wiener-Residual-AG,42,2,3,0.17180132589061686,0.47629518698414824,0.529766452523357,0.5,0.5,0.5,0.5,0.977833452486718,0.014006852697327352,0.015075088523206697,225064.63608882547,136964.04505850753,conv2,0.3607034683227539,2,1,True
Wiener-Residual-AG,42,2,3,0.18889092309377375,0.5236737089668237,0.5145292558600675,0.5,0.5,0.5,0.5,0.9808594146952156,-0.0015060403504637352,-0.0003531386447368362,2300.8221229642527,1193.0997235067039,fc1,0.3607034683227539,2,1,True
Wiener-Residual-AG,42,2,3,0.1813674727050789,0.5028159932823076,0.5144678762564167,0.5,0.5,0.5,0.5,0.9757929137764552,0.037095584757059895,0.010063336472672733,47.67018768526803,21.8453444889182,fc2,0.3607034683227539,2,1,True
Wiener-Residual-AG,42,2,4,0.13853915776787343,0.3840804703433291,0.5424411184097284,0.5,0.5,0.7778036929438912,0.5,0.9610770776023718,0.14679222200498393,0.05608369802304422,171720.38894844067,64563.51538794802,conv1,0.3607034683227539,2,1,True
Wiener-Residual-AG,42,2,4,0.18086027953911743,0.5014098710503261,0.5317860577978712,0.5,0.5,0.5641220738358285,0.5,0.971703538426253,-0.004693326414210982,-0.0010764976033793405,133322.79331168567,56529.249606931975,conv2,0.3607034683227539,2,1,True
Wiener-Residual-AG,42,2,4,0.18613617023063442,0.5160365413067822,0.5143091528751437,0.5,0.5,0.5,0.5,0.9784475363224097,0.0002756912681140145,-0.0016553073384606729,1349.554870407013,568.2214988508922,fc1,0.3607034683227539,2,1,True
Wiener-Residual-AG,42,2,4,0.19424974800836992,0.5385303027764544,0.5148414868810427,0.5,0.5,0.5,0.5,0.9759403779953115,0.014609381990308175,0.03243691534222441,42.07733010758536,26.111115218617915,fc2,0.3607034683227539,2,1,True
Wiener-Residual-AG,42,2,5,0.0,0.0,1.0,1.0,1.0,1.0,1.0,1.0,-0.017176649572520738,-0.017176649572520738,220329.8966051914,220329.8966051914,conv1,0.3607034683227539,1,0,True
Wiener-Residual-AG,42,2,5,0.0,0.0,1.0,1.0,1.0,1.0,1.0,1.0,0.00039306936351015385,0.00039306936351015385,187318.6472932851,187318.6472932851,conv2,0.3607034683227539,1,0,True
Wiener-Residual-AG,42,2,5,0.0,0.0,1.0,1.0,1.0,1.0,1.0,1.0,-0.002060691223131231,-0.002060691223131231,1786.3302069037823,1786.3302069037823,fc1,0.3607034683227539,1,0,True
Wiener-Residual-AG,42,2,5,0.0,0.0,1.0,1.0,1.0,1.0,1.0,1.0,0.022440124310478753,0.022440124310478753,55.525272193808014,55.525272193808014,fc2,0.3607034683227539,1,0,True
Wiener-Residual-AOnly,42,1,1,0.11966703641617989,0.33176014905712803,0.5238852780620621,0.5,0.5,0.5,0.5,0.9760801266424036,0.05781486301461351,0.039669001977714,2112.708250617598,1665.0708713093463,conv1,0.3607034683227539,2,1,True
Wiener-Residual-AOnly,42,1,1,0.17225120912329597,0.47754242542843334,0.5301880044195297,0.5,0.5,0.5,0.5,0.9702624993826516,-0.004276647630733056,-0.01508056975437139,1313.6347696930181,955.3235873780711,conv2,0.3607034683227539,2,1,True
Wiener-Residual-AOnly,42,1,1,0.1870851012042192,0.5186673199294477,0.5145802461057672,0.5,0.5,0.5,0.5,0.9783281822585088,0.001749906677222791,0.0016814557004244763,626.7428274073562,336.28856076755494,fc1,0.3607034683227539,2,1,True
Wiener-Residual-AOnly,42,1,1,0.1964689590926675,0.5446827556336914,0.5152231578338223,0.5,0.5,0.5,0.5,0.9720825816229058,0.01571005315415106,0.012447433190687343,129.3207762704131,97.6136388491949,fc2,0.3607034683227539,2,1,True
Wiener-Residual-AOnly,42,1,2,0.16918807081735937,0.4690503021888649,0.5515953607231457,0.5,0.5,0.755747471458448,0.5,0.950028835181743,0.07910766337558917,0.08062781901358682,461.20706845399206,324.7919531803734,conv1,0.3607034683227539,2,1,True
Wiener-Residual-AOnly,42,1,2,0.17067050754418855,0.4731601510176616,0.5284048463584137,0.5,0.5,0.5,0.5,0.9772548309954562,0.011127027961474993,0.019061640011825687,425.39852234490536,281.2010939711063,conv2,0.3607034683227539,2,1,True
Wiener-Residual-AOnly,42,1,2,0.18787913859749275,0.5208686777288771,0.5144706628444741,0.5,0.5,0.5,0.5,0.9785308745304643,0.0035030002187689275,0.0014859765871121783,545.0690387411715,334.89409843307544,fc1,0.3607034683227539,2,1,True
Wiener-Residual-AOnly,42,1,2,0.18729718186127908,0.5192552839377952,0.5136953295020907,0.5,0.5,0.5,0.5,0.9799028974783746,0.006459059688673947,0.007658328717751471,56.03089466581859,30.83487335481591,fc2,0.3607034683227539,2,1,True
Wiener-Residual-AOnly,42,1,3,0.14137030476820897,0.39192943008164316,0.5415281076254478,0.5,0.5,0.7084835056148981,0.5,0.9517394926034448,-0.07003904271090348,-0.09010973333200725,417.4237168869858,225.4329206487605,conv1,0.3607034683227539,2,1,True
Wiener-Residual-AOnly,42,1,3,0.17643058661916924,0.4891291659588393,0.5309472811241956,0.5,0.5,0.5,0.5,0.9747211542244381,0.01846482217815835,0.01559715712628066,432.6905212772957,259.1863092365414,conv2,0.3607034683227539,2,1,True
Wiener-Residual-AOnly,42,1,3,0.18706636319461742,0.5186153714142617,0.5145375548771403,0.5,0.5,0.5,0.5,0.9789412107477162,0.001917925141029814,0.0004013342499182709,717.7033766035472,424.3045606563381,fc1,0.3607034683227539,2,1,True
Wiener-Residual-AOnly,42,1,3,0.19057727171282499,0.52834887504408,0.5137997249622464,0.5,0.5,0.5,0.5,0.9799955846919828,0.01898346481912349,0.00361053272787909,59.40766410731028,35.331215187724666,fc2,0.3607034683227539,2,1,True
Wiener-Residual-AOnly,42,1,4,0.0941022487294322,0.2608853448706804,0.5248468324305197,0.5,0.5,0.5145072036341033,0.5,0.9538699742283547,0.14545293162723844,0.04368350579676869,264.4947208219553,160.57042833438842,conv1,0.3607034683227539,2,1,True
Wiener-Residual-AOnly,42,1,4,0.17320956216472916,0.4801993254185816,0.5306071771527765,0.5,0.5,0.5,0.5,0.9706148005776496,-0.00215127964108307,0.015480223149852534,321.61248684845214,210.86283553320388,conv2,0.3607034683227539,2,1,True
Wiener-Residual-AOnly,42,1,4,0.1870347080340795,0.5185276119017594,0.5143998818689692,0.5,0.5,0.5,0.5,0.9795188391067908,0.002695299976336524,0.0015049171749324383,601.4656144506359,392.9332306664082,fc1,0.3607034683227539,2,1,True
Wiener-Residual-AOnly,42,1,4,0.19484052207912889,0.5401681413963769,0.5144998561906728,0.5,0.5,0.5,0.5,0.9768332528844157,0.04994112550050657,0.060877839695570125,52.39491696287684,35.137472074063346,fc2,0.3607034683227539,2,1,True
Wiener-Residual-AOnly,42,1,5,0.0,0.0,1.0,1.0,1.0,1.0,1.0,1.0,0.20581486537276542,0.20581486537276542,287.8680554416921,287.8680554416921,conv1,0.3607034683227539,1,0,True
Wiener-Residual-AOnly,42,1,5,0.0,0.0,1.0,1.0,1.0,1.0,1.0,1.0,-0.01438654209971316,-0.01438654209971316,329.7879292113694,329.7879292113694,conv2,0.3607034683227539,1,0,True
Wiener-Residual-AOnly,42,1,5,0.0,0.0,1.0,1.0,1.0,1.0,1.0,1.0,-0.0010657471882002997,-0.0010657471882002997,696.4455805802287,696.4455805802287,fc1,0.3607034683227539,1,0,True
Wiener-Residual-AOnly,42,1,5,0.0,0.0,1.0,1.0,1.0,1.0,1.0,1.0,0.0479290063814304,0.0479290063814304,78.39575215486511,78.39575215486511,fc2,0.3607034683227539,1,0,True
Wiener-Residual-AOnly,42,2,1,0.1235856428443742,0.34262393821450865,0.532371653791044,0.5,0.5,0.5863006036407286,0.5,0.9601245441737543,-0.007493318455392545,0.04358966338613459,166253.62662478,99714.81912080756,conv1,0.3607034683227539,2,1,True
Wiener-Residual-AOnly,42,2,1,0.17731801195692232,0.4915894287943467,0.531079518696384,0.5,0.5,0.5402144937060658,0.5,0.974855105145786,-0.0008532193401523361,-0.004990596577410947,234044.2624810806,131936.64179348305,conv2,0.3607034683227539,2,1,True
Wiener-Residual-AOnly,42,2,1,0.1858690839231243,0.5152960818131376,0.5142773435459546,0.5,0.5,0.5,0.5,0.9799061068035442,-0.00032659776755190753,-0.0015753600128500375,2186.860142161665,1225.5046666517458,fc1,0.3607034683227539,2,1,True
Wiener-Residual-AOnly,42,2,1,0.17656291590569478,0.4894960304282631,0.5124934956180601,0.5,0.5,0.5,0.5,0.9598991984393146,0.022570369774114,0.036673623109215486,46.681027881594616,29.086045741458218,fc2,0.3607034683227539,2,1,True
Wiener-Residual-AOnly,42,2,2,0.2041930876506789,0.5660968235214443,0.5458256499090559,0.5,0.5,0.7618212774461931,0.5,0.9659147836968075,-0.07186869956519087,-0.1002598555912817,237581.53600467855,186876.31319030366,conv1,0.3607034683227539,2,1,True
Wiener-Residual-AOnly,42,2,2,0.16767647292965043,0.4648596081133747,0.5280505470086873,0.5,0.5,0.5,0.5,0.9766824339370569,-0.007351073983747082,-0.011680547016700587,221645.3466321479,174897.1710235892,conv2,0.3607034683227539,2,1,True
Wiener-Residual-AOnly,42,2,2,0.18791137465544777,0.5209580476983563,0.5143576239904769,0.5,0.5,0.5,0.5,0.9799568974770105,0.00029680170760145374,-6.979529318113508e-05,2294.229037640923,1719.0120396424059,fc1,0.3607034683227539,2,1,True
Wiener-Residual-AOnly,42,2,2,0.20533924976142623,0.5692743979320174,0.5134094017258494,0.5,0.5,0.5,0.5,0.9803096101347933,-0.004946201150427142,-0.004297067971099374,44.38009309690935,29.468214794554296,fc2,0.3607034683227539,2,1,True
Wiener-Residual-AOnly,42,2,3,0.1340069090207085,0.3715154435410098,0.5311714822938296,0.5,0.5,0.5846538513186794,0.5,0.9706928739367497,0.10070372082495468,0.03987050942042695,216290.90602712418,116945.91459578933,conv1,0.3607034683227539,2,1,True
Wiener-Residual-AOnly,42,2,3,0.17180133217586405,0.47629520440911843,0.5297664541077851,0.5,0.5,0.5,0.5,0.977833452935372,0.013624243169773832,0.014225744161917457,200276.42333562032,121224.85949188749,conv2,0.3607034683227539,2,1,True
Wiener-Residual-AOnly,42,2,3,0.18889186408761663,0.5236763177408598,0.5145295251985882,0.5,0.5,0.5,0.5,0.9808586907026347,1.9919372632691817e-06,0.002435665843926134,2152.9336648293483,1201.4320918265378,fc1,0.3607034683227539,2,1,True
Wiener-Residual-AOnly,42,2,3,0.18093849459215863,0.50162671136352,0.5143799697488484,0.5,0.5,0.5,0.5,0.975655102428147,0.03262001670623566,-0.006393969720583642,48.71629839593493,22.329890225430873,fc2,0.3607034683227539,2,1,True
Wiener-Residual-AOnly,42,2,4,0.1385391718259574,0.38408050931740395,0.5424411129265095,0.5,0.5,0.7778038812975878,0.5,0.961077100115221,0.14895784660799447,0.057246404301079114,179095.61003946955,66163.88477730581,conv1,0.3607034683227539,2,1,True
Wiener-Residual-AOnly,42,2,4,0.18086029245753085,0.5014099068648236,0.5317860663242147,0.5,0.5,0.5641224214843719,0.5,0.9717035495481161,-0.004206206877816901,-0.00033926736110520377,139774.63066300686,58159.92406362101,conv2,0.3607034683227539,2,1,True
Wiener-Residual-AOnly,42,2,4,0.18613799068551065,0.5160415882637319,0.5143091932761512,0.5,0.5,0.5,0.5,0.978447676096817,-0.00016984404478184606,0.00037377483753478285,1431.147614984583,577.4354868516452,fc1,0.3607034683227539,2,1,True
Wiener-Residual-AOnly,42,2,4,0.19416898702844987,0.5383064042364831,0.5147814412317567,0.5,0.5,0.5,0.5,0.9762054350656988,0.025995461464349688,0.01680184227631019,41.31807172360024,25.360533367970522,fc2,0.3607034683227539,2,1,True
Wiener-Residual-AOnly,42,2,5,0.0,0.0,1.0,1.0,1.0,1.0,1.0,1.0,-0.02970417114892594,-0.02970417114892594,203753.42865287283,203753.42865287283,conv1,0.3607034683227539,1,0,True
Wiener-Residual-AOnly,42,2,5,0.0,0.0,1.0,1.0,1.0,1.0,1.0,1.0,-0.002931256253285247,-0.002931256253285247,174377.47432956155,174377.47432956155,conv2,0.3607034683227539,1,0,True
Wiener-Residual-AOnly,42,2,5,0.0,0.0,1.0,1.0,1.0,1.0,1.0,1.0,0.001171291294165101,0.001171291294165101,2105.869644499201,2105.869644499201,fc1,0.3607034683227539,1,0,True
Wiener-Residual-AOnly,42,2,5,0.0,0.0,1.0,1.0,1.0,1.0,1.0,1.0,0.02555806651196976,0.02555806651196976,53.429884824173435,53.429884824173435,fc2,0.3607034683227539,1,0,True
